"image"	"first_level_timel"	"orphan_label"	"confidence"	"reconciled_label"	"reconciled_timel_id"
"gahom/013555.jpg"	"timel_character"	"apôtres-12?"	"HIGH"	"apôtres-12"	"tm-qkcf9yjx"
"gahom/013557.jpg"	"timel_character"	"apôtres-12?"	"HIGH"	"apôtres-12"	"tm-qkcf9yjx"
"gahom/013602.jpg"	"timel_character"	"apôtres-12?"	"HIGH"	"apôtres-12"	"tm-qkcf9yjx"
"gahom/013604.jpg"	"timel_character"	"apôtres-12?"	"HIGH"	"apôtres-12"	"tm-qkcf9yjx"
"gahom/006701.jpg"	"timel_character"	"apôtres-12?"	"HIGH"	"apôtres-12"	"tm-qkcf9yjx"
"gahom/006703.jpg"	"timel_character"	"apôtres-12?"	"HIGH"	"apôtres-12"	"tm-qkcf9yjx"
"gahom/005618.jpg"	"timel_character"	"apôtres-12?"	"HIGH"	"apôtres-12"	"tm-qkcf9yjx"
"gahom/008004.jpg"	"timel_character"	"apôtres-12?"	"HIGH"	"apôtres-12"	"tm-qkcf9yjx"
"gahom/008038.jpg"	"timel_character"	"apôtres-12?"	"HIGH"	"apôtres-12"	"tm-qkcf9yjx"
"gahom/008044.jpg"	"timel_character"	"apôtres-12?"	"HIGH"	"apôtres-12"	"tm-qkcf9yjx"
"gahom/000392.jpg"	"timel_character"	"apôtres-12?"	"HIGH"	"apôtres-12"	"tm-qkcf9yjx"
"gahom/000394.jpg"	"timel_character"	"apôtres-12?"	"HIGH"	"apôtres-12"	"tm-qkcf9yjx"
"gahom/000395.jpg"	"timel_character"	"apôtres-12?"	"HIGH"	"apôtres-12"	"tm-qkcf9yjx"
"gahom/000396.jpg"	"timel_character"	"apôtres-12?"	"HIGH"	"apôtres-12"	"tm-qkcf9yjx"
"gahom/000425.jpg"	"timel_character"	"apôtres-12?"	"HIGH"	"apôtres-12"	"tm-qkcf9yjx"
"gahom/000427.jpg"	"timel_character"	"apôtres-12?"	"HIGH"	"apôtres-12"	"tm-qkcf9yjx"
"gahom/000428.jpg"	"timel_character"	"apôtres-12?"	"HIGH"	"apôtres-12"	"tm-qkcf9yjx"
"gahom/000429.jpg"	"timel_character"	"apôtres-12?"	"HIGH"	"apôtres-12"	"tm-qkcf9yjx"
"gahom/000430.jpg"	"timel_character"	"apôtres-12?"	"HIGH"	"apôtres-12"	"tm-qkcf9yjx"
"gahom/000432.jpg"	"timel_character"	"apôtres-12?"	"HIGH"	"apôtres-12"	"tm-qkcf9yjx"
"gahom/000433.jpg"	"timel_character"	"apôtres-12?"	"HIGH"	"apôtres-12"	"tm-qkcf9yjx"
"gahom/000434.jpg"	"timel_character"	"apôtres-12?"	"HIGH"	"apôtres-12"	"tm-qkcf9yjx"
"gahom/007616.jpg"	"timel_character"	"apôtres-12?"	"HIGH"	"apôtres-12"	"tm-qkcf9yjx"
"gahom/007618.jpg"	"timel_character"	"apôtres-12?"	"HIGH"	"apôtres-12"	"tm-qkcf9yjx"
"gahom/007619.jpg"	"timel_character"	"apôtres-12?"	"HIGH"	"apôtres-12"	"tm-qkcf9yjx"
"gahom/007621.jpg"	"timel_character"	"apôtres-12?"	"HIGH"	"apôtres-12"	"tm-qkcf9yjx"
"gahom/007623.jpg"	"timel_character"	"apôtres-12?"	"HIGH"	"apôtres-12"	"tm-qkcf9yjx"
"gahom/007624.jpg"	"timel_character"	"apôtres-12?"	"HIGH"	"apôtres-12"	"tm-qkcf9yjx"
"gahom/007625.jpg"	"timel_character"	"apôtres-12?"	"HIGH"	"apôtres-12"	"tm-qkcf9yjx"
"gahom/007627.jpg"	"timel_character"	"apôtres-12?"	"HIGH"	"apôtres-12"	"tm-qkcf9yjx"
"gahom/007628.jpg"	"timel_character"	"apôtres-12?"	"HIGH"	"apôtres-12"	"tm-qkcf9yjx"
"gahom/007629.jpg"	"timel_character"	"apôtres-12?"	"HIGH"	"apôtres-12"	"tm-qkcf9yjx"
"gahom/007631.jpg"	"timel_character"	"apôtres-12?"	"HIGH"	"apôtres-12"	"tm-qkcf9yjx"
"gahom/007632.jpg"	"timel_character"	"apôtres-12?"	"HIGH"	"apôtres-12"	"tm-qkcf9yjx"
"gahom/007634.jpg"	"timel_character"	"apôtres-12?"	"HIGH"	"apôtres-12"	"tm-qkcf9yjx"
"gahom/007635.jpg"	"timel_character"	"apôtres-12?"	"HIGH"	"apôtres-12"	"tm-qkcf9yjx"
"gahom/007636.jpg"	"timel_character"	"apôtres-12?"	"HIGH"	"apôtres-12"	"tm-qkcf9yjx"
"gahom/006698.jpg"	"timel_character"	"Stéphanon"	"HIGH"	"Stéphaton"	"tm-3buxmbdq"
"gahom/006700.jpg"	"timel_character"	"Stéphanon"	"HIGH"	"Stéphaton"	"tm-3buxmbdq"
"gahom/013224.jpg"	"timel_character"	"Stéphanon"	"HIGH"	"Stéphaton"	"tm-3buxmbdq"
"gahom/013226.jpg"	"timel_character"	"Stéphanon"	"HIGH"	"Stéphaton"	"tm-3buxmbdq"
"gahom/000304.jpg"	"timel_character"	"Stéphanon"	"HIGH"	"Stéphaton"	"tm-3buxmbdq"
"gahom/000306.jpg"	"timel_character"	"Stéphanon"	"HIGH"	"Stéphaton"	"tm-3buxmbdq"
"gahom/000307.jpg"	"timel_character"	"Stéphanon"	"HIGH"	"Stéphaton"	"tm-3buxmbdq"
"gahom/000308.jpg"	"timel_character"	"Stéphanon"	"HIGH"	"Stéphaton"	"tm-3buxmbdq"
"gahom/000348.jpg"	"timel_character"	"Stéphanon"	"HIGH"	"Stéphaton"	"tm-3buxmbdq"
"gahom/000350.jpg"	"timel_character"	"Stéphanon"	"HIGH"	"Stéphaton"	"tm-3buxmbdq"
"gahom/000351.jpg"	"timel_character"	"Stéphanon"	"HIGH"	"Stéphaton"	"tm-3buxmbdq"
"gahom/000352.jpg"	"timel_character"	"Stéphanon"	"HIGH"	"Stéphaton"	"tm-3buxmbdq"
"gahom/000416.jpg"	"timel_character"	"Stéphanon"	"HIGH"	"Stéphaton"	"tm-3buxmbdq"
"gahom/000418.jpg"	"timel_character"	"Stéphanon"	"HIGH"	"Stéphaton"	"tm-3buxmbdq"
"gahom/000419.jpg"	"timel_character"	"Stéphanon"	"HIGH"	"Stéphaton"	"tm-3buxmbdq"
"gahom/000420.jpg"	"timel_character"	"Stéphanon"	"HIGH"	"Stéphaton"	"tm-3buxmbdq"
"gahom/013224.jpg"	"timel_character"	"Synagogue"	"LOW"	"Synagogue (personnifications et allégories)"	"tm-h3yjzcwy"
"gahom/013226.jpg"	"timel_character"	"Synagogue"	"LOW"	"Synagogue (personnifications et allégories)"	"tm-h3yjzcwy"
"gahom/002407.jpg"	"timel_character"	"Synagogue"	"LOW"	"Synagogue (personnifications et allégories)"	"tm-h3yjzcwy"
"gahom/002409.jpg"	"timel_character"	"Synagogue"	"LOW"	"Synagogue (personnifications et allégories)"	"tm-h3yjzcwy"
"gahom/010975.jpg"	"timel_character"	"marin"	"LOW"	"Marino Sanudo"	"tm-fa2rsnuh"
"gahom/010997.jpg"	"timel_character"	"marin"	"LOW"	"Marino Sanudo"	"tm-fa2rsnuh"
"gahom/004357.jpg"	"timel_character"	"Esaü"	"HIGH"	"Ésaü"	"tm-jdhmdkzh"
"gahom/004359.jpg"	"timel_character"	"Esaü"	"HIGH"	"Ésaü"	"tm-jdhmdkzh"
"gahom/004360.jpg"	"timel_character"	"Esaü"	"HIGH"	"Ésaü"	"tm-jdhmdkzh"
"gahom/004361.jpg"	"timel_character"	"Esaü"	"HIGH"	"Ésaü"	"tm-jdhmdkzh"
"gahom/004362.jpg"	"timel_character"	"Esaü"	"HIGH"	"Ésaü"	"tm-jdhmdkzh"
"gahom/004363.jpg"	"timel_character"	"Esaü"	"HIGH"	"Ésaü"	"tm-jdhmdkzh"
"gahom/013558.jpg"	"timel_character"	"chasseur"	"NONE"	"none"	"none"
"gahom/013374.jpg"	"timel_character"	"chasseur"	"NONE"	"none"	"none"
"gahom/015231.JPG"	"timel_character"	"demoiselle"	"NONE"	"none"	"none"
"gahom/Pierpont_m805.135r_detail_bis.jpg"	"timel_character"	"demoiselle"	"NONE"	"none"	"none"
"gahom/Pierpont_m805.135r.jpg"	"timel_character"	"demoiselle"	"NONE"	"none"	"none"
"gahom/Pierpont_m806.180r_detail.jpg"	"timel_character"	"demoiselle"	"NONE"	"none"	"none"
"gahom/Pierpont_m806.185r_detail.jpg"	"timel_character"	"demoiselle"	"NONE"	"none"	"none"
"gahom/Pierpont_m806.187r_detail.jpg"	"timel_character"	"demoiselle"	"NONE"	"none"	"none"
"gahom/005333.jpg"	"timel_character"	"Harold II"	"NONE"	"none"	"none"
"gahom/000382.jpg"	"timel_character"	"Ephraïm"	"HIGH"	"Éphraïm"	"tm-g3xkkpxp"
"gahom/000384.jpg"	"timel_character"	"Ephraïm"	"HIGH"	"Éphraïm"	"tm-g3xkkpxp"
"gahom/000385.jpg"	"timel_character"	"Ephraïm"	"HIGH"	"Éphraïm"	"tm-g3xkkpxp"
"gahom/000386.jpg"	"timel_character"	"Ephraïm"	"HIGH"	"Éphraïm"	"tm-g3xkkpxp"
"gahom/000387.jpg"	"timel_character"	"Ephraïm"	"HIGH"	"Éphraïm"	"tm-g3xkkpxp"
"gahom/000389.jpg"	"timel_character"	"Ephraïm"	"HIGH"	"Éphraïm"	"tm-g3xkkpxp"
"gahom/000390.jpg"	"timel_character"	"Ephraïm"	"HIGH"	"Éphraïm"	"tm-g3xkkpxp"
"gahom/000391.jpg"	"timel_character"	"Ephraïm"	"HIGH"	"Éphraïm"	"tm-g3xkkpxp"
"gahom/003988.jpg"	"timel_character"	"Saint Sébastien"	"HIGH"	"saint Sébastien"	"tm-nujlcfpw"
"gahom/003994.jpg"	"timel_character"	"Saint Sébastien"	"HIGH"	"saint Sébastien"	"tm-nujlcfpw"
"gahom/003997.jpg"	"timel_character"	"Saint Sébastien"	"HIGH"	"saint Sébastien"	"tm-nujlcfpw"
"gahom/004000.jpg"	"timel_character"	"Saint Sébastien"	"HIGH"	"saint Sébastien"	"tm-nujlcfpw"
"gahom/004003.jpg"	"timel_character"	"Saint Sébastien"	"HIGH"	"saint Sébastien"	"tm-nujlcfpw"
"gahom/004006.jpg"	"timel_character"	"Saint Sébastien"	"HIGH"	"saint Sébastien"	"tm-nujlcfpw"
"gahom/010704.jpg"	"timel_character"	"femme"	"LOW"	"femme de Lot"	"tm-ven4nq5s"
"gahom/008827.jpg"	"timel_character"	"Bertrand Boisset"	"NONE"	"none"	"none"
"gahom/010975.jpg"	"timel_character"	"pêcheur"	"HIGH"	"pécheur"	"tm-aswtqpty"
"gahom/007580.jpg"	"timel_character"	"Marguerite d'Orléans"	"NONE"	"none"	"none"
"gahom/007582.jpg"	"timel_character"	"Marguerite d'Orléans"	"NONE"	"none"	"none"
"gahom/007641.jpg"	"timel_character"	"Marguerite d'Orléans"	"NONE"	"none"	"none"
"gahom/007643.jpg"	"timel_character"	"Marguerite d'Orléans"	"NONE"	"none"	"none"
"gahom/007644.jpg"	"timel_character"	"Marguerite d'Orléans"	"NONE"	"none"	"none"
"gahom/007645.jpg"	"timel_character"	"Marguerite d'Orléans"	"NONE"	"none"	"none"
"gahom/007647.jpg"	"timel_character"	"Marguerite d'Orléans"	"NONE"	"none"	"none"
"gahom/007648.jpg"	"timel_character"	"Marguerite d'Orléans"	"NONE"	"none"	"none"
"gahom/013579.jpg"	"timel_character"	"charpentier"	"LOW"	"sainte Radegonde délivrant du démon la femme d'un charpentier"	"tm-xsgv6af2"
"gahom/013581.jpg"	"timel_character"	"charpentier"	"LOW"	"sainte Radegonde délivrant du démon la femme d'un charpentier"	"tm-xsgv6af2"
"gahom/007994.jpg"	"timel_character"	"peintre"	"NONE"	"none"	"none"
"gahom/010948.jpg"	"timel_character"	"peintre"	"NONE"	"none"	"none"
"gahom/010950.jpg"	"timel_character"	"peintre"	"NONE"	"none"	"none"
"gahom/010951.jpg"	"timel_character"	"peintre"	"NONE"	"none"	"none"
"gahom/Pierpont_m806.166r_detail.jpg"	"timel_character"	"Guenièvre"	"NONE"	"none"	"none"
"gahom/013552.jpg"	"timel_character"	"Zacharie"	"LOW"	"Zacharie (personnage de l'Ancien Testament)"	"tm-z88rgbsa"
"gahom/013554.jpg"	"timel_character"	"Zacharie"	"LOW"	"Zacharie (personnage de l'Ancien Testament)"	"tm-z88rgbsa"
"gahom/013546.jpg"	"timel_character"	"archer"	"HIGH"	"soldat"	"tm-h5p48lfk"
"gahom/013548.jpg"	"timel_character"	"archer"	"HIGH"	"soldat"	"tm-h5p48lfk"
"gahom/007500.jpg"	"timel_character"	"fortune"	"HIGH"	"Fortune"	"tm-xpmnkdj9"
"gahom/010954.jpg"	"timel_character"	"joueur"	"NONE"	"none"	"none"
"gahom/015231.JPG"	"timel_character"	"mère de l'Antéchrist"	"NONE"	"none"	"none"
"gahom/Pierpont_m806.180r_detail.jpg"	"timel_character"	"Bohort"	"NONE"	"none"	"none"
"gahom/010699.jpg"	"timel_character"	"Hun"	"NONE"	"none"	"none"
"gahom/010704.jpg"	"timel_character"	"Hun"	"NONE"	"none"	"none"
"gahom/006290.jpg"	"timel_character"	"Nathan"	"HIGH"	"Natan"	"tm-9787lyfe"
"gahom/Pierpont_m806.166r_detail.jpg"	"timel_character"	"courtisan"	"NONE"	"none"	"none"
"gahom/010704.jpg"	"timel_character"	"roi de Hongrie"	"NONE"	"none"	"none"
"gahom/006166.jpg"	"timel_character"	"saint Aubin"	"LOW"	"saint Aubin d'Angers"	"tm-vcctusin"
"gahom/005479.jpg"	"timel_character"	"sainte Hildegarde de Bingen"	"NONE"	"none"	"none"
"gahom/011008.jpg"	"timel_character"	"sainte Marie"	"LOW"	"sainte Marie Cléophas"	"tm-wfrvgbha"
"gahom/000294.jpg"	"timel_character"	"Juif?"	"HIGH"	"Juif"	"tm-tprdjwil"
"gahom/000296.jpg"	"timel_character"	"Juif?"	"HIGH"	"Juif"	"tm-tprdjwil"
"gahom/000297.jpg"	"timel_character"	"Juif?"	"HIGH"	"Juif"	"tm-tprdjwil"
"gahom/000298.jpg"	"timel_character"	"Juif?"	"HIGH"	"Juif"	"tm-tprdjwil"
"gahom/000309.jpg"	"timel_character"	"apôtres"	"LOW"	"apôtres, évangélistes, saints et saintes"	"tm-wnsvi7uz"
"gahom/000311.jpg"	"timel_character"	"apôtres"	"LOW"	"apôtres, évangélistes, saints et saintes"	"tm-wnsvi7uz"
"gahom/000312.jpg"	"timel_character"	"apôtres"	"LOW"	"apôtres, évangélistes, saints et saintes"	"tm-wnsvi7uz"
"gahom/000313.jpg"	"timel_character"	"apôtres"	"LOW"	"apôtres, évangélistes, saints et saintes"	"tm-wnsvi7uz"
"gahom/013571.jpg"	"timel_character"	"frère"	"HIGH"	"moine"	"tm-79hdsjl7"
"gahom/Pierpont_m806.185r_detail.jpg"	"timel_character"	"frère"	"HIGH"	"moine"	"tm-79hdsjl7"
"gahom/010235.jpg"	"timel_character"	"philosophe"	"NONE"	"none"	"none"
"gahom/010237.jpg"	"timel_character"	"philosophe"	"NONE"	"none"	"none"
"gahom/000377.jpg"	"timel_character"	"saint Constantin"	"NONE"	"none"	"none"
"gahom/000379.jpg"	"timel_character"	"saint Constantin"	"NONE"	"none"	"none"
"gahom/000380.jpg"	"timel_character"	"saint Constantin"	"NONE"	"none"	"none"
"gahom/000381.jpg"	"timel_character"	"saint Constantin"	"NONE"	"none"	"none"
"gahom/000348.jpg"	"timel_character"	"Bétuel"	"NONE"	"none"	"none"
"gahom/000350.jpg"	"timel_character"	"Bétuel"	"NONE"	"none"	"none"
"gahom/000351.jpg"	"timel_character"	"Bétuel"	"NONE"	"none"	"none"
"gahom/000352.jpg"	"timel_character"	"Bétuel"	"NONE"	"none"	"none"
"gahom/013701.jpg"	"timel_character"	"Chiron"	"NONE"	"none"	"none"
"gahom/013703.jpg"	"timel_character"	"Chiron"	"NONE"	"none"	"none"
"gahom/000382.jpg"	"timel_character"	"Mannassé"	"NONE"	"none"	"none"
"gahom/000384.jpg"	"timel_character"	"Mannassé"	"NONE"	"none"	"none"
"gahom/000385.jpg"	"timel_character"	"Mannassé"	"NONE"	"none"	"none"
"gahom/000386.jpg"	"timel_character"	"Mannassé"	"NONE"	"none"	"none"
"gahom/013573.jpg"	"timel_character"	"Pharisien"	"NONE"	"none"	"none"
"gahom/013575.jpg"	"timel_character"	"Pharisien"	"NONE"	"none"	"none"
"gahom/011053.jpg"	"timel_character"	"ange?"	"HIGH"	"ange"	"tm-wqg2nktt"
"gahom/000299.jpg"	"timel_character"	"avare"	"NONE"	"none"	"none"
"gahom/000301.jpg"	"timel_character"	"avare"	"NONE"	"none"	"none"
"gahom/000302.jpg"	"timel_character"	"avare"	"NONE"	"none"	"none"
"gahom/000303.jpg"	"timel_character"	"avare"	"NONE"	"none"	"none"
"gahom/007625.jpg"	"timel_character"	"bossu"	"NONE"	"none"	"none"
"gahom/007627.jpg"	"timel_character"	"bossu"	"NONE"	"none"	"none"
"gahom/007628.jpg"	"timel_character"	"bossu"	"NONE"	"none"	"none"
"gahom/010212.jpg"	"timel_character"	"femme sauvage"	"NONE"	"none"	"none"
"gahom/000392.jpg"	"timel_character"	"saint Paul?"	"HIGH"	"saint Paul"	"tm-ramxaadu"
"gahom/000394.jpg"	"timel_character"	"saint Paul?"	"HIGH"	"saint Paul"	"tm-ramxaadu"
"gahom/000395.jpg"	"timel_character"	"saint Paul?"	"HIGH"	"saint Paul"	"tm-ramxaadu"
"gahom/000396.jpg"	"timel_character"	"saint Paul?"	"HIGH"	"saint Paul"	"tm-ramxaadu"
"gahom/013605.jpg"	"timel_character"	"saint Sylvestre"	"LOW"	"saint Sylvestre Ier"	"tm-fskhypr9"
"gahom/013607.jpg"	"timel_character"	"saint Sylvestre"	"LOW"	"saint Sylvestre Ier"	"tm-fskhypr9"
"gahom/013360.jpg"	"timel_character"	"Destinée"	"NONE"	"none"	"none"
"gahom/013374.jpg"	"timel_character"	"Destinée"	"NONE"	"none"	"none"
"gahom/010235.jpg"	"timel_character"	"Maximin"	"LOW"	"Maximin Ier"	"tm-p2xv7szs"
"gahom/010237.jpg"	"timel_character"	"Maximin"	"LOW"	"Maximin Ier"	"tm-p2xv7szs"
"gahom/007645.jpg"	"timel_character"	"Richard d'Etampes"	"NONE"	"none"	"none"
"gahom/007647.jpg"	"timel_character"	"Richard d'Etampes"	"NONE"	"none"	"none"
"gahom/007648.jpg"	"timel_character"	"Richard d'Etampes"	"NONE"	"none"	"none"
"gahom/016042.jpg"	"timel_character"	"Saint Pierre"	"HIGH"	"saint Pierre"	"tm-sgdxywfz"
"gahom/005575.jpg"	"timel_character"	"Salomon?"	"HIGH"	"Salomon"	"tm-wdxn3qrx"
"gahom/008040.jpg"	"timel_character"	"Urie"	"LOW"	"David envoyant Urie à la guerre"	"tm-jymbdq32"
"gahom/013602.jpg"	"timel_character"	"martyr"	"LOW"	"saint Pierre martyr"	"tm-auhtguzf"
"gahom/013604.jpg"	"timel_character"	"martyr"	"LOW"	"saint Pierre martyr"	"tm-auhtguzf"
"gahom/013582.jpg"	"timel_character"	"soeur"	"LOW"	"inceste d'Amnon et de sa soeur Tamar"	"tm-ogsf6fy6"
"gahom/013584.jpg"	"timel_character"	"soeur"	"LOW"	"inceste d'Amnon et de sa soeur Tamar"	"tm-ogsf6fy6"
"gahom/013618.jpg"	"timel_character"	"Dioscoride"	"NONE"	"none"	"none"
"gahom/013620.jpg"	"timel_character"	"Dioscoride"	"NONE"	"none"	"none"
"gahom/001045.jpg"	"timel_character"	"Drusiana"	"NONE"	"none"	"none"
"gahom/013608.jpg"	"timel_character"	"Elisabeth?"	"LOW"	"sainte Élisabeth"	"tm-rqbwk7z6"
"gahom/013610.jpg"	"timel_character"	"Elisabeth?"	"LOW"	"sainte Élisabeth"	"tm-rqbwk7z6"
"gahom/Pierpont_m806.185r_detail.jpg"	"timel_character"	"Galehaut"	"NONE"	"none"	"none"
"gahom/013608.jpg"	"timel_character"	"Herman Ier Landgrave de Thringe"	"NONE"	"none"	"none"
"gahom/013610.jpg"	"timel_character"	"Herman Ier Landgrave de Thringe"	"NONE"	"none"	"none"
"gahom/013608.jpg"	"timel_character"	"Hirmgard?"	"NONE"	"none"	"none"
"gahom/013610.jpg"	"timel_character"	"Hirmgard?"	"NONE"	"none"	"none"
"gahom/013543.jpg"	"timel_character"	"Iraclius"	"NONE"	"none"	"none"
"gahom/013545.jpg"	"timel_character"	"Iraclius"	"NONE"	"none"	"none"
"gahom/013552.jpg"	"timel_character"	"Johel"	"NONE"	"none"	"none"
"gahom/013554.jpg"	"timel_character"	"Johel"	"NONE"	"none"	"none"
"gahom/013608.jpg"	"timel_character"	"Lucarch?"	"NONE"	"none"	"none"
"gahom/013610.jpg"	"timel_character"	"Lucarch?"	"NONE"	"none"	"none"
"gahom/013582.jpg"	"timel_character"	"Phylactère"	"HIGH"	"phylactère"	"tm-fmytavcm"
"gahom/013584.jpg"	"timel_character"	"Phylactère"	"HIGH"	"phylactère"	"tm-fmytavcm"
"gahom/013573.jpg"	"timel_character"	"Publicain"	"NONE"	"none"	"none"
"gahom/013575.jpg"	"timel_character"	"Publicain"	"NONE"	"none"	"none"
"gahom/013608.jpg"	"timel_character"	"Sophie de Bavière"	"NONE"	"none"	"none"
"gahom/013610.jpg"	"timel_character"	"Sophie de Bavière"	"NONE"	"none"	"none"
"gahom/010865.jpg"	"timel_character"	"Théophile"	"NONE"	"none"	"none"
"gahom/013605.jpg"	"timel_character"	"confesseur"	"NONE"	"none"	"none"
"gahom/013607.jpg"	"timel_character"	"confesseur"	"NONE"	"none"	"none"
"gahom/013549.jpg"	"timel_character"	"mages"	"LOW"	"mages devant Hérode"	"tm-umptxyou"
"gahom/013551.jpg"	"timel_character"	"mages"	"LOW"	"mages devant Hérode"	"tm-umptxyou"
"gahom/013549.jpg"	"timel_character"	"rois"	"LOW"	"Osée et les rois d'Israël"	"tm-q3cefpxo"
"gahom/013551.jpg"	"timel_character"	"rois"	"LOW"	"Osée et les rois d'Israël"	"tm-q3cefpxo"
"gahom/013602.jpg"	"timel_character"	"saint Alban de Mayence de Namur"	"NONE"	"none"	"none"
"gahom/013604.jpg"	"timel_character"	"saint Alban de Mayence de Namur"	"NONE"	"none"	"none"
"gahom/013602.jpg"	"timel_character"	"saint Kilian"	"NONE"	"none"	"none"
"gahom/013604.jpg"	"timel_character"	"saint Kilian"	"NONE"	"none"	"none"
"gahom/004085.jpg"	"timel_character"	"saint Pierre?"	"HIGH"	"saint Pierre"	"tm-sgdxywfz"
"gahom/013537.jpg"	"timel_character"	"saint Valburge"	"NONE"	"none"	"none"
"gahom/013539.jpg"	"timel_character"	"saint Valburge"	"NONE"	"none"	"none"
"gahom/013605.jpg"	"timel_character"	"saint Walpurge"	"NONE"	"none"	"none"
"gahom/013607.jpg"	"timel_character"	"saint Walpurge"	"NONE"	"none"	"none"
"gahom/013605.jpg"	"timel_character"	"sainte Afre"	"NONE"	"none"	"none"
"gahom/013607.jpg"	"timel_character"	"sainte Afre"	"NONE"	"none"	"none"
"gahom/013605.jpg"	"timel_character"	"sainte Gertrude de Nivelles"	"NONE"	"none"	"none"
"gahom/013607.jpg"	"timel_character"	"sainte Gertrude de Nivelles"	"NONE"	"none"	"none"
"gahom/005535.jpg"	"timel_character"	"sainte Véronique"	"NONE"	"none"	"none"
"gahom/013224.jpg"	"timel_character"	"vie"	"LOW"	"Vierge"	"tm-f4sqsvcv"
"gahom/013226.jpg"	"timel_character"	"vie"	"LOW"	"Vierge"	"tm-f4sqsvcv"
"gahom/009370.jpg"	"timel_character"	"Albumasar"	"NONE"	"none"	"none"
"gahom/010895.jpg"	"timel_character"	"Arbalète"	"HIGH"	"arbalète"	"tm-sfwvgrll"
"gahom/010704.jpg"	"timel_character"	"Arpad"	"NONE"	"none"	"none"
"gahom/Pierpont_m806.187r_detail.jpg"	"timel_character"	"Arramant"	"NONE"	"none"	"none"
"gahom/010895.jpg"	"timel_character"	"Autel"	"HIGH"	"autel"	"tm-i94jpy9p"
"gahom/Pierpont_m806.166r_detail.jpg"	"timel_character"	"Baudemagu"	"NONE"	"none"	"none"
"gahom/Pierpont_m805.119v_detail.jpg"	"timel_character"	"Berthelai"	"NONE"	"none"	"none"
"gahom/010289.jpg"	"timel_character"	"Dioclétien?"	"HIGH"	"Dioclétien"	"tm-hbtqjohq"
"gahom/007506.jpg"	"timel_character"	"Evrard de Conty"	"NONE"	"none"	"none"
"gahom/Pierpont_m806.161v_detail.jpg"	"timel_character"	"Galaad Premier"	"NONE"	"none"	"none"
"gahom/Pierpont_m805.119v_detail.jpg"	"timel_character"	"Guenièvre-fausse"	"NONE"	"none"	"none"
"gahom/013585.jpg"	"timel_character"	"Joiakin"	"NONE"	"none"	"none"
"gahom/010895.jpg"	"timel_character"	"Lampe"	"HIGH"	"lampe"	"tm-l66mtgn3"
"gahom/010895.jpg"	"timel_character"	"Lance"	"LOW"	"Lancelot"	"tm-upeifwdb"
"gahom/010895.jpg"	"timel_character"	"Livre"	"HIGH"	"livre"	"tm-havgveuu"
"gahom/008840.jpg"	"timel_character"	"Robert d'Anjou"	"NONE"	"none"	"none"
"gahom/010704.jpg"	"timel_character"	"Svatopluk"	"NONE"	"none"	"none"
"gahom/010895.jpg"	"timel_character"	"Vase"	"HIGH"	"vase"	"tm-mcyjt54t"
"gahom/005474.jpg"	"timel_character"	"Volmar"	"NONE"	"none"	"none"
"gahom/010841.jpg"	"timel_character"	"bâteau"	"HIGH"	"bateau"	"tm-6v4cwd8i"
"gahom/Pierpont_m806.187r_detail.jpg"	"timel_character"	"chevalier de vermeil"	"NONE"	"none"	"none"
"gahom/Pierpont_m805.119v_detail.jpg"	"timel_character"	"complice"	"NONE"	"none"	"none"
"gahom/010997.jpg"	"timel_character"	"patriarche d'Antioche"	"NONE"	"none"	"none"
"gahom/010704.jpg"	"timel_character"	"roi de Moravie"	"NONE"	"none"	"none"
"gahom/010289.jpg"	"timel_character"	"saint Érasme?"	"NONE"	"none"	"none"
"gahom/005567.jpg"	"timel_nature_place"	"Enfer-gueule"	"NONE"	"none"	"none"
"gahom/001055.jpg"	"timel_nature_place"	"Enfer-gueule"	"NONE"	"none"	"none"
"gahom/001057.jpg"	"timel_nature_place"	"Enfer-gueule"	"NONE"	"none"	"none"
"gahom/000299.jpg"	"timel_nature_place"	"Enfer-gueule"	"NONE"	"none"	"none"
"gahom/000301.jpg"	"timel_nature_place"	"Enfer-gueule"	"NONE"	"none"	"none"
"gahom/000302.jpg"	"timel_nature_place"	"Enfer-gueule"	"NONE"	"none"	"none"
"gahom/000303.jpg"	"timel_nature_place"	"Enfer-gueule"	"NONE"	"none"	"none"
"gahom/000551.jpg"	"timel_nature_place"	"Enfer-gueule"	"NONE"	"none"	"none"
"gahom/002419.jpg"	"timel_nature_place"	"Enfer-gueule"	"NONE"	"none"	"none"
"gahom/002419b.jpg"	"timel_nature_place"	"Enfer-gueule"	"NONE"	"none"	"none"
"gahom/002419c.jpg"	"timel_nature_place"	"Enfer-gueule"	"NONE"	"none"	"none"
"gahom/002419d.jpg"	"timel_nature_place"	"Enfer-gueule"	"NONE"	"none"	"none"
"gahom/002419e.jpg"	"timel_nature_place"	"Enfer-gueule"	"NONE"	"none"	"none"
"gahom/002419f.jpg"	"timel_nature_place"	"Enfer-gueule"	"NONE"	"none"	"none"
"gahom/002419g.jpg"	"timel_nature_place"	"Enfer-gueule"	"NONE"	"none"	"none"
"gahom/002419h.jpg"	"timel_nature_place"	"Enfer-gueule"	"NONE"	"none"	"none"
"gahom/005505.jpg"	"timel_nature_place"	"Ancolie"	"NONE"	"none"	"none"
"gahom/005508.jpg"	"timel_nature_place"	"Ancolie"	"NONE"	"none"	"none"
"gahom/005530.jpg"	"timel_nature_place"	"Ancolie"	"NONE"	"none"	"none"
"gahom/008079.jpg"	"timel_nature_place"	"Ancolie"	"NONE"	"none"	"none"
"gahom/007584.jpg"	"timel_nature_place"	"Ancolie"	"NONE"	"none"	"none"
"gahom/007586.jpg"	"timel_nature_place"	"Ancolie"	"NONE"	"none"	"none"
"gahom/007600.jpg"	"timel_nature_place"	"Ancolie"	"NONE"	"none"	"none"
"gahom/007602.jpg"	"timel_nature_place"	"Ancolie"	"NONE"	"none"	"none"
"gahom/016042.jpg"	"timel_nature_place"	"Ancolie"	"NONE"	"none"	"none"
"gahom/007536.jpg"	"timel_nature_place"	"barbe"	"LOW"	"barbeau"	"tm-ufqi8lik"
"gahom/009370.jpg"	"timel_nature_place"	"barbe"	"LOW"	"barbeau"	"tm-ufqi8lik"
"gahom/011019.jpg"	"timel_nature_place"	"HERBE"	"HIGH"	"herbe"	"tm-wffnwtfs"
"gahom/007990.jpg"	"timel_nature_place"	"marguerite"	"HIGH"	"Marguerite"	"tm-spypnbwv"
"gahom/007580.jpg"	"timel_nature_place"	"marguerite"	"HIGH"	"Marguerite"	"tm-spypnbwv"
"gahom/007582.jpg"	"timel_nature_place"	"marguerite"	"HIGH"	"Marguerite"	"tm-spypnbwv"
"gahom/007619.jpg"	"timel_nature_place"	"marguerite"	"HIGH"	"Marguerite"	"tm-spypnbwv"
"gahom/007632.jpg"	"timel_nature_place"	"marguerite"	"HIGH"	"Marguerite"	"tm-spypnbwv"
"gahom/007634.jpg"	"timel_nature_place"	"marguerite"	"HIGH"	"Marguerite"	"tm-spypnbwv"
"gahom/007635.jpg"	"timel_nature_place"	"marguerite"	"HIGH"	"Marguerite"	"tm-spypnbwv"
"gahom/007636.jpg"	"timel_nature_place"	"marguerite"	"HIGH"	"Marguerite"	"tm-spypnbwv"
"gahom/007637.jpg"	"timel_nature_place"	"marguerite"	"HIGH"	"Marguerite"	"tm-spypnbwv"
"gahom/007639.jpg"	"timel_nature_place"	"marguerite"	"HIGH"	"Marguerite"	"tm-spypnbwv"
"gahom/007640.jpg"	"timel_nature_place"	"marguerite"	"HIGH"	"Marguerite"	"tm-spypnbwv"
"gahom/008292.jpg"	"timel_nature_place"	"levrier"	"NONE"	"none"	"none"
"gahom/007542.jpg"	"timel_nature_place"	"levrier"	"NONE"	"none"	"none"
"gahom/005522.jpg"	"timel_nature_place"	"nuage"	"HIGH"	"nuée"	"tm-hvmbbgkw"
"gahom/005524.jpg"	"timel_nature_place"	"nuage"	"HIGH"	"nuée"	"tm-hvmbbgkw"
"gahom/005486.jpg"	"timel_nature_place"	"nuage"	"HIGH"	"nuée"	"tm-hvmbbgkw"
"gahom/005488.jpg"	"timel_nature_place"	"nuage"	"HIGH"	"nuée"	"tm-hvmbbgkw"
"gahom/005489.jpg"	"timel_nature_place"	"nuage"	"HIGH"	"nuée"	"tm-hvmbbgkw"
"gahom/007506.jpg"	"timel_nature_place"	"paquerette"	"HIGH"	"pâquerette"	"tm-5t7ecppr"
"gahom/007546.jpg"	"timel_nature_place"	"paquerette"	"HIGH"	"pâquerette"	"tm-5t7ecppr"
"gahom/007603.jpg"	"timel_nature_place"	"paquerette"	"HIGH"	"pâquerette"	"tm-5t7ecppr"
"gahom/007605.jpg"	"timel_nature_place"	"paquerette"	"HIGH"	"pâquerette"	"tm-5t7ecppr"
"gahom/007606.jpg"	"timel_nature_place"	"paquerette"	"HIGH"	"pâquerette"	"tm-5t7ecppr"
"gahom/013691.jpg"	"timel_nature_place"	"armoise"	"LOW"	"armoise commune"	"tm-hdqzst8f"
"gahom/013693.jpg"	"timel_nature_place"	"armoise"	"LOW"	"armoise commune"	"tm-hdqzst8f"
"gahom/013694.jpg"	"timel_nature_place"	"armoise"	"LOW"	"armoise commune"	"tm-hdqzst8f"
"gahom/013695.jpg"	"timel_nature_place"	"armoise"	"LOW"	"armoise commune"	"tm-hdqzst8f"
"gahom/013697.jpg"	"timel_nature_place"	"armoise"	"LOW"	"armoise commune"	"tm-hdqzst8f"
"gahom/013698.jpg"	"timel_nature_place"	"armoise"	"LOW"	"armoise commune"	"tm-hdqzst8f"
"gahom/013700.jpg"	"timel_nature_place"	"armoise"	"LOW"	"armoise commune"	"tm-hdqzst8f"
"gahom/013701.jpg"	"timel_nature_place"	"armoise"	"LOW"	"armoise commune"	"tm-hdqzst8f"
"gahom/013703.jpg"	"timel_nature_place"	"armoise"	"LOW"	"armoise commune"	"tm-hdqzst8f"
"gahom/007645.jpg"	"timel_nature_place"	"libellule"	"NONE"	"none"	"none"
"gahom/007647.jpg"	"timel_nature_place"	"libellule"	"NONE"	"none"	"none"
"gahom/007648.jpg"	"timel_nature_place"	"libellule"	"NONE"	"none"	"none"
"gahom/007653.jpg"	"timel_nature_place"	"libellule"	"NONE"	"none"	"none"
"gahom/007655.jpg"	"timel_nature_place"	"libellule"	"NONE"	"none"	"none"
"gahom/007656.jpg"	"timel_nature_place"	"libellule"	"NONE"	"none"	"none"
"gahom/007657.jpg"	"timel_nature_place"	"libellule"	"NONE"	"none"	"none"
"gahom/007686.jpg"	"timel_nature_place"	"libellule"	"NONE"	"none"	"none"
"gahom/007688.jpg"	"timel_nature_place"	"libellule"	"NONE"	"none"	"none"
"gahom/014051.jpg"	"timel_nature_place"	"LARME"	"HIGH"	"larme"	"tm-bqnyidmd"
"gahom/014053.jpg"	"timel_nature_place"	"LARME"	"HIGH"	"larme"	"tm-bqnyidmd"
"gahom/014054.jpg"	"timel_nature_place"	"LARME"	"HIGH"	"larme"	"tm-bqnyidmd"
"gahom/014055.jpg"	"timel_nature_place"	"LARME"	"HIGH"	"larme"	"tm-bqnyidmd"
"gahom/014056.jpg"	"timel_nature_place"	"LARME"	"HIGH"	"larme"	"tm-bqnyidmd"
"gahom/014057.jpg"	"timel_nature_place"	"LARME"	"HIGH"	"larme"	"tm-bqnyidmd"
"gahom/014058.jpg"	"timel_nature_place"	"LARME"	"HIGH"	"larme"	"tm-bqnyidmd"
"gahom/014059.jpg"	"timel_nature_place"	"LARME"	"HIGH"	"larme"	"tm-bqnyidmd"
"gahom/014060.jpg"	"timel_nature_place"	"LARME"	"HIGH"	"larme"	"tm-bqnyidmd"
"gahom/014061.jpg"	"timel_nature_place"	"LARME"	"HIGH"	"larme"	"tm-bqnyidmd"
"gahom/005513.jpg"	"timel_nature_place"	"bleuet"	"NONE"	"none"	"none"
"gahom/007649.jpg"	"timel_nature_place"	"bleuet"	"NONE"	"none"	"none"
"gahom/007651.jpg"	"timel_nature_place"	"bleuet"	"NONE"	"none"	"none"
"gahom/007652.jpg"	"timel_nature_place"	"bleuet"	"NONE"	"none"	"none"
"gahom/000335.jpg"	"timel_nature_place"	"Mambré"	"NONE"	"none"	"none"
"gahom/000337.jpg"	"timel_nature_place"	"Mambré"	"NONE"	"none"	"none"
"gahom/000338.jpg"	"timel_nature_place"	"Mambré"	"NONE"	"none"	"none"
"gahom/000339.jpg"	"timel_nature_place"	"Mambré"	"NONE"	"none"	"none"
"gahom/000340.jpg"	"timel_nature_place"	"Mambré"	"NONE"	"none"	"none"
"gahom/000341.jpg"	"timel_nature_place"	"Mambré"	"NONE"	"none"	"none"
"gahom/000092.jpg"	"timel_nature_place"	"cochon?"	"HIGH"	"cochon"	"tm-9dznienk"
"gahom/000094.jpg"	"timel_nature_place"	"cochon?"	"HIGH"	"cochon"	"tm-9dznienk"
"gahom/000095.jpg"	"timel_nature_place"	"cochon?"	"HIGH"	"cochon"	"tm-9dznienk"
"gahom/000096.jpg"	"timel_nature_place"	"cochon?"	"HIGH"	"cochon"	"tm-9dznienk"
"gahom/000097.jpg"	"timel_nature_place"	"cochon?"	"HIGH"	"cochon"	"tm-9dznienk"
"gahom/000098.jpg"	"timel_nature_place"	"cochon?"	"HIGH"	"cochon"	"tm-9dznienk"
"gahom/000092.jpg"	"timel_nature_place"	"geai?"	"HIGH"	"geai"	"tm-jdmtc27s"
"gahom/000094.jpg"	"timel_nature_place"	"geai?"	"HIGH"	"geai"	"tm-jdmtc27s"
"gahom/000095.jpg"	"timel_nature_place"	"geai?"	"HIGH"	"geai"	"tm-jdmtc27s"
"gahom/000096.jpg"	"timel_nature_place"	"geai?"	"HIGH"	"geai"	"tm-jdmtc27s"
"gahom/000097.jpg"	"timel_nature_place"	"geai?"	"HIGH"	"geai"	"tm-jdmtc27s"
"gahom/000098.jpg"	"timel_nature_place"	"geai?"	"HIGH"	"geai"	"tm-jdmtc27s"
"gahom/000092.jpg"	"timel_nature_place"	"pie?"	"HIGH"	"pie"	"tm-aeutu5cw"
"gahom/000094.jpg"	"timel_nature_place"	"pie?"	"HIGH"	"pie"	"tm-aeutu5cw"
"gahom/000095.jpg"	"timel_nature_place"	"pie?"	"HIGH"	"pie"	"tm-aeutu5cw"
"gahom/000096.jpg"	"timel_nature_place"	"pie?"	"HIGH"	"pie"	"tm-aeutu5cw"
"gahom/000097.jpg"	"timel_nature_place"	"pie?"	"HIGH"	"pie"	"tm-aeutu5cw"
"gahom/000098.jpg"	"timel_nature_place"	"pie?"	"HIGH"	"pie"	"tm-aeutu5cw"
"gahom/007641.jpg"	"timel_nature_place"	"pomme?"	"HIGH"	"pomme"	"tm-myxwnf2q"
"gahom/007643.jpg"	"timel_nature_place"	"pomme?"	"HIGH"	"pomme"	"tm-myxwnf2q"
"gahom/007644.jpg"	"timel_nature_place"	"pomme?"	"HIGH"	"pomme"	"tm-myxwnf2q"
"gahom/005486.jpg"	"timel_nature_place"	"volcan"	"NONE"	"none"	"none"
"gahom/005488.jpg"	"timel_nature_place"	"volcan"	"NONE"	"none"	"none"
"gahom/005489.jpg"	"timel_nature_place"	"volcan"	"NONE"	"none"	"none"
"gahom/007502.jpg"	"timel_nature_place"	"pensée"	"NONE"	"none"	"none"
"gahom/000294.jpg"	"timel_nature_place"	"Arbres"	"HIGH"	"arbres"	"tm-ayytyvkc"
"gahom/000296.jpg"	"timel_nature_place"	"Arbres"	"HIGH"	"arbres"	"tm-ayytyvkc"
"gahom/000297.jpg"	"timel_nature_place"	"Arbres"	"HIGH"	"arbres"	"tm-ayytyvkc"
"gahom/000298.jpg"	"timel_nature_place"	"Arbres"	"HIGH"	"arbres"	"tm-ayytyvkc"
"gahom/013224.jpg"	"timel_nature_place"	"JOUR"	"HIGH"	"jour"	"tm-gp8u69bv"
"gahom/013226.jpg"	"timel_nature_place"	"JOUR"	"HIGH"	"jour"	"tm-gp8u69bv"
"gahom/000309.jpg"	"timel_nature_place"	"bitume"	"LOW"	"bitume de Judée"	"tm-cjgbvv2h"
"gahom/000311.jpg"	"timel_nature_place"	"bitume"	"LOW"	"bitume de Judée"	"tm-cjgbvv2h"
"gahom/000312.jpg"	"timel_nature_place"	"bitume"	"LOW"	"bitume de Judée"	"tm-cjgbvv2h"
"gahom/000313.jpg"	"timel_nature_place"	"bitume"	"LOW"	"bitume de Judée"	"tm-cjgbvv2h"
"gahom/016042.jpg"	"timel_nature_place"	"hybride-oiseau"	"NONE"	"none"	"none"
"gahom/016042.jpg"	"timel_nature_place"	"plante*"	"HIGH"	"plante"	"tm-twqkqw5b"
"gahom/005493.jpg"	"timel_nature_place"	"ventre"	"NONE"	"none"	"none"
"gahom/000294.jpg"	"timel_nature_place"	"végétation"	"HIGH"	"champ"	"tm-qutvnpc5"
"gahom/000296.jpg"	"timel_nature_place"	"végétation"	"HIGH"	"champ"	"tm-qutvnpc5"
"gahom/000297.jpg"	"timel_nature_place"	"végétation"	"HIGH"	"champ"	"tm-qutvnpc5"
"gahom/000298.jpg"	"timel_nature_place"	"végétation"	"HIGH"	"champ"	"tm-qutvnpc5"
"gahom/007690.jpg"	"timel_nature_place"	"Sainte-Baume"	"NONE"	"none"	"none"
"gahom/007692.jpg"	"timel_nature_place"	"Sainte-Baume"	"NONE"	"none"	"none"
"gahom/007693.jpg"	"timel_nature_place"	"Sainte-Baume"	"NONE"	"none"	"none"
"gahom/013682.jpg"	"timel_nature_place"	"racine"	"NONE"	"none"	"none"
"gahom/013684.jpg"	"timel_nature_place"	"racine"	"NONE"	"none"	"none"
"gahom/013555.jpg"	"timel_nature_place"	"LANGUE-FEU"	"NONE"	"none"	"none"
"gahom/013557.jpg"	"timel_nature_place"	"LANGUE-FEU"	"NONE"	"none"	"none"
"gahom/013555.jpg"	"timel_nature_place"	"MONT-THABOR"	"NONE"	"none"	"none"
"gahom/013557.jpg"	"timel_nature_place"	"MONT-THABOR"	"NONE"	"none"	"none"
"gahom/Pierpont_m805.135r_detail_bis.jpg"	"timel_nature_place"	"Moustier d'Escalon le Ténébreux"	"NONE"	"none"	"none"
"gahom/Pierpont_m805.135r.jpg"	"timel_nature_place"	"Moustier d'Escalon le Ténébreux"	"NONE"	"none"	"none"
"gahom/013682.jpg"	"timel_nature_place"	"achorum"	"NONE"	"none"	"none"
"gahom/013684.jpg"	"timel_nature_place"	"achorum"	"NONE"	"none"	"none"
"gahom/004354.jpg"	"timel_nature_place"	"aigle?"	"HIGH"	"aigle"	"tm-6dqqjsez"
"gahom/004356.jpg"	"timel_nature_place"	"aigle?"	"HIGH"	"aigle"	"tm-6dqqjsez"
"gahom/016009.jpg"	"timel_nature_place"	"aiglon"	"NONE"	"none"	"none"
"gahom/016011.jpg"	"timel_nature_place"	"aiglon"	"NONE"	"none"	"none"
"gahom/013719.jpg"	"timel_nature_place"	"aristoloche"	"LOW"	"aristoloche longue"	"tm-qwakzcgj"
"gahom/013721.jpg"	"timel_nature_place"	"aristoloche"	"LOW"	"aristoloche longue"	"tm-qwakzcgj"
"gahom/007616.jpg"	"timel_nature_place"	"houx"	"NONE"	"none"	"none"
"gahom/007618.jpg"	"timel_nature_place"	"houx"	"NONE"	"none"	"none"
"gahom/016042.jpg"	"timel_nature_place"	"hybride-dragon"	"NONE"	"none"	"none"
"gahom/013701.jpg"	"timel_nature_place"	"lapatium"	"NONE"	"none"	"none"
"gahom/013703.jpg"	"timel_nature_place"	"lapatium"	"NONE"	"none"	"none"
"gahom/013685.jpg"	"timel_nature_place"	"leontupodion"	"NONE"	"none"	"none"
"gahom/013687.jpg"	"timel_nature_place"	"leontupodion"	"NONE"	"none"	"none"
"gahom/000099.jpg"	"timel_nature_place"	"mésange"	"NONE"	"none"	"none"
"gahom/010429.jpg"	"timel_nature_place"	"oeuf"	"NONE"	"none"	"none"
"gahom/005549.jpg"	"timel_nature_place"	"poussin"	"NONE"	"none"	"none"
"gahom/013716.jpg"	"timel_nature_place"	"proserpinatia"	"NONE"	"none"	"none"
"gahom/013718.jpg"	"timel_nature_place"	"proserpinatia"	"NONE"	"none"	"none"
"gahom/013688.jpg"	"timel_nature_place"	"renoncule-scelerate"	"NONE"	"none"	"none"
"gahom/013690.jpg"	"timel_nature_place"	"renoncule-scelerate"	"NONE"	"none"	"none"
"gahom/013707.jpg"	"timel_nature_place"	"satirion-orchis"	"NONE"	"none"	"none"
"gahom/013709.jpg"	"timel_nature_place"	"satirion-orchis"	"NONE"	"none"	"none"
"gahom/005493.jpg"	"timel_nature_place"	"écaille"	"NONE"	"none"	"none"
"gahom/013362.jpg"	"timel_nature_place"	"CHIENNE"	"NONE"	"none"	"none"
"gahom/013362.jpg"	"timel_nature_place"	"CHIOT"	"NONE"	"none"	"none"
"gahom/016042.jpg"	"timel_nature_place"	"Gethsémani"	"HIGH"	"jardin des oliviers"	"tm-njrmhlnn"
"gahom/013981.jpg"	"timel_nature_place"	"MOIS-JUILLET"	"NONE"	"none"	"none"
"gahom/013987.jpg"	"timel_nature_place"	"MOIS-OCTOBRE"	"NONE"	"none"	"none"
"gahom/010176.jpg"	"timel_nature_place"	"NOIX?"	"HIGH"	"noix"	"tm-fs9nn4kw"
"gahom/001721.jpg"	"timel_nature_place"	"Plhiladelphie"	"NONE"	"none"	"none"
"gahom/011053.jpg"	"timel_nature_place"	"Tortose"	"NONE"	"none"	"none"
"gahom/007528.jpg"	"timel_nature_place"	"cerbere"	"HIGH"	"Cerbère"	"tm-xxwblbry"
"gahom/Pierpont_m806.158r_detail.jpg"	"timel_nature_place"	"château de Sentere-Galesche"	"NONE"	"none"	"none"
"gahom/007410.jpg"	"timel_nature_place"	"herbe aromatique"	"NONE"	"none"	"none"
"gahom/000130.jpg"	"timel_nature_place"	"héron?"	"HIGH"	"héron"	"tm-mp9xu5il"
"gahom/010429.jpg"	"timel_nature_place"	"oiseau de Germanie"	"HIGH"	"oiseau de Germanie"	"tm-zsmwezyg"
"gahom/010267.jpg"	"timel_nature_place"	"ours?"	"HIGH"	"ours"	"tm-g4cup98t"
"gahom/Pierpont_m806.166r_detail.jpg"	"timel_nature_place"	"pont de l'épée"	"NONE"	"none"	"none"
"gahom/007514.jpg"	"timel_nature_place"	"python"	"NONE"	"none"	"none"
"nan"	"timel_nature_place"	"gahom/006442.jpg"	"NONE"	"none"	"none"
"gahom/013543.jpg"	"timel_object_architecture"	"hache"	"LOW"	"hache (armes)"	"tm-rutubypn"
"gahom/013545.jpg"	"timel_object_architecture"	"hache"	"LOW"	"hache (armes)"	"tm-rutubypn"
"gahom/013546.jpg"	"timel_object_architecture"	"hache"	"LOW"	"hache (armes)"	"tm-rutubypn"
"gahom/013548.jpg"	"timel_object_architecture"	"hache"	"LOW"	"hache (armes)"	"tm-rutubypn"
"gahom/013552.jpg"	"timel_object_architecture"	"hache"	"LOW"	"hache (armes)"	"tm-rutubypn"
"gahom/013554.jpg"	"timel_object_architecture"	"hache"	"LOW"	"hache (armes)"	"tm-rutubypn"
"gahom/005508.jpg"	"timel_object_architecture"	"hache"	"LOW"	"hache (armes)"	"tm-rutubypn"
"gahom/005613.jpg"	"timel_object_architecture"	"hache"	"LOW"	"hache (armes)"	"tm-rutubypn"
"gahom/013991.jpg"	"timel_object_architecture"	"hache"	"LOW"	"hache (armes)"	"tm-rutubypn"
"gahom/001045.jpg"	"timel_object_architecture"	"hache"	"LOW"	"hache (armes)"	"tm-rutubypn"
"gahom/001047.jpg"	"timel_object_architecture"	"hache"	"LOW"	"hache (armes)"	"tm-rutubypn"
"gahom/001069.jpg"	"timel_object_architecture"	"hache"	"LOW"	"hache (armes)"	"tm-rutubypn"
"gahom/000309.jpg"	"timel_object_architecture"	"hache"	"LOW"	"hache (armes)"	"tm-rutubypn"
"gahom/000311.jpg"	"timel_object_architecture"	"hache"	"LOW"	"hache (armes)"	"tm-rutubypn"
"gahom/000312.jpg"	"timel_object_architecture"	"hache"	"LOW"	"hache (armes)"	"tm-rutubypn"
"gahom/000313.jpg"	"timel_object_architecture"	"hache"	"LOW"	"hache (armes)"	"tm-rutubypn"
"gahom/007607.jpg"	"timel_object_architecture"	"hache"	"LOW"	"hache (armes)"	"tm-rutubypn"
"gahom/007609.jpg"	"timel_object_architecture"	"hache"	"LOW"	"hache (armes)"	"tm-rutubypn"
"gahom/007610.jpg"	"timel_object_architecture"	"hache"	"LOW"	"hache (armes)"	"tm-rutubypn"
"gahom/007645.jpg"	"timel_object_architecture"	"hache"	"LOW"	"hache (armes)"	"tm-rutubypn"
"gahom/007647.jpg"	"timel_object_architecture"	"hache"	"LOW"	"hache (armes)"	"tm-rutubypn"
"gahom/007648.jpg"	"timel_object_architecture"	"hache"	"LOW"	"hache (armes)"	"tm-rutubypn"
"gahom/007690.jpg"	"timel_object_architecture"	"hache"	"LOW"	"hache (armes)"	"tm-rutubypn"
"gahom/007692.jpg"	"timel_object_architecture"	"hache"	"LOW"	"hache (armes)"	"tm-rutubypn"
"gahom/007693.jpg"	"timel_object_architecture"	"hache"	"LOW"	"hache (armes)"	"tm-rutubypn"
"gahom/005508.jpg"	"timel_object_architecture"	"temple"	"LOW"	"temple antique"	"tm-eskae6wc"
"gahom/008033.jpg"	"timel_object_architecture"	"temple"	"LOW"	"temple antique"	"tm-eskae6wc"
"gahom/008035.jpg"	"timel_object_architecture"	"temple"	"LOW"	"temple antique"	"tm-eskae6wc"
"gahom/008036.jpg"	"timel_object_architecture"	"temple"	"LOW"	"temple antique"	"tm-eskae6wc"
"gahom/008103.jpg"	"timel_object_architecture"	"temple"	"LOW"	"temple antique"	"tm-eskae6wc"
"gahom/000101.jpg"	"timel_object_architecture"	"temple"	"LOW"	"temple antique"	"tm-eskae6wc"
"gahom/013552.jpg"	"timel_object_architecture"	"vaisselle"	"NONE"	"none"	"none"
"gahom/013554.jpg"	"timel_object_architecture"	"vaisselle"	"NONE"	"none"	"none"
"gahom/005602.jpg"	"timel_object_architecture"	"vaisselle"	"NONE"	"none"	"none"
"gahom/002519.jpg"	"timel_object_architecture"	"vaisselle"	"NONE"	"none"	"none"
"gahom/010318.jpg"	"timel_object_architecture"	"corne"	"LOW"	"cornemuse"	"tm-q47bbhwr"
"gahom/013531.jpg"	"timel_object_architecture"	"médaillon"	"LOW"	"oiseau dans un médaillon"	"tm-achiag3w"
"gahom/013533.jpg"	"timel_object_architecture"	"médaillon"	"LOW"	"oiseau dans un médaillon"	"tm-achiag3w"
"gahom/013534.jpg"	"timel_object_architecture"	"médaillon"	"LOW"	"oiseau dans un médaillon"	"tm-achiag3w"
"gahom/013536.jpg"	"timel_object_architecture"	"médaillon"	"LOW"	"oiseau dans un médaillon"	"tm-achiag3w"
"gahom/013537.jpg"	"timel_object_architecture"	"médaillon"	"LOW"	"oiseau dans un médaillon"	"tm-achiag3w"
"gahom/013539.jpg"	"timel_object_architecture"	"médaillon"	"LOW"	"oiseau dans un médaillon"	"tm-achiag3w"
"gahom/013540.jpg"	"timel_object_architecture"	"médaillon"	"LOW"	"oiseau dans un médaillon"	"tm-achiag3w"
"gahom/013542.jpg"	"timel_object_architecture"	"médaillon"	"LOW"	"oiseau dans un médaillon"	"tm-achiag3w"
"gahom/013543.jpg"	"timel_object_architecture"	"médaillon"	"LOW"	"oiseau dans un médaillon"	"tm-achiag3w"
"gahom/013545.jpg"	"timel_object_architecture"	"médaillon"	"LOW"	"oiseau dans un médaillon"	"tm-achiag3w"
"gahom/013546.jpg"	"timel_object_architecture"	"médaillon"	"LOW"	"oiseau dans un médaillon"	"tm-achiag3w"
"gahom/013548.jpg"	"timel_object_architecture"	"médaillon"	"LOW"	"oiseau dans un médaillon"	"tm-achiag3w"
"gahom/010225.jpg"	"timel_object_architecture"	"médaillon"	"LOW"	"oiseau dans un médaillon"	"tm-achiag3w"
"gahom/010227.jpg"	"timel_object_architecture"	"médaillon"	"LOW"	"oiseau dans un médaillon"	"tm-achiag3w"
"gahom/010228.jpg"	"timel_object_architecture"	"médaillon"	"LOW"	"oiseau dans un médaillon"	"tm-achiag3w"
"gahom/010235.jpg"	"timel_object_architecture"	"médaillon"	"LOW"	"oiseau dans un médaillon"	"tm-achiag3w"
"gahom/010237.jpg"	"timel_object_architecture"	"médaillon"	"LOW"	"oiseau dans un médaillon"	"tm-achiag3w"
"gahom/013719.jpg"	"timel_object_architecture"	"toison"	"LOW"	"toison (tissus,parures et accessoires)"	"tm-hzu9mi2u"
"gahom/013721.jpg"	"timel_object_architecture"	"toison"	"LOW"	"toison (tissus,parures et accessoires)"	"tm-hzu9mi2u"
"gahom/008060.jpg"	"timel_object_architecture"	"ciboire"	"NONE"	"none"	"none"
"gahom/000304.jpg"	"timel_object_architecture"	"lanterne"	"HIGH"	"lampe"	"tm-l66mtgn3"
"gahom/000306.jpg"	"timel_object_architecture"	"lanterne"	"HIGH"	"lampe"	"tm-l66mtgn3"
"gahom/000307.jpg"	"timel_object_architecture"	"lanterne"	"HIGH"	"lampe"	"tm-l66mtgn3"
"gahom/000308.jpg"	"timel_object_architecture"	"lanterne"	"HIGH"	"lampe"	"tm-l66mtgn3"
"gahom/016042.jpg"	"timel_object_architecture"	"lanterne"	"HIGH"	"lampe"	"tm-l66mtgn3"
"gahom/000309.jpg"	"timel_object_architecture"	"arche"	"LOW"	"arche de Noé"	"tm-yjieuxab"
"gahom/000311.jpg"	"timel_object_architecture"	"arche"	"LOW"	"arche de Noé"	"tm-yjieuxab"
"gahom/000312.jpg"	"timel_object_architecture"	"arche"	"LOW"	"arche de Noé"	"tm-yjieuxab"
"gahom/000313.jpg"	"timel_object_architecture"	"arche"	"LOW"	"arche de Noé"	"tm-yjieuxab"
"gahom/013648.jpg"	"timel_object_architecture"	"pilon"	"HIGH"	"bâton"	"tm-cuqtzlfj"
"gahom/013650.jpg"	"timel_object_architecture"	"pilon"	"HIGH"	"bâton"	"tm-cuqtzlfj"
"gahom/013710.jpg"	"timel_object_architecture"	"pilon"	"HIGH"	"bâton"	"tm-cuqtzlfj"
"gahom/013712.jpg"	"timel_object_architecture"	"pilon"	"HIGH"	"bâton"	"tm-cuqtzlfj"
"gahom/007542.jpg"	"timel_object_architecture"	"collier de chien"	"NONE"	"none"	"none"
"gahom/008292.jpg"	"timel_object_architecture"	"flabellum"	"NONE"	"none"	"none"
"gahom/006166.jpg"	"timel_object_architecture"	"blason"	"NONE"	"none"	"none"
"gahom/013531.jpg"	"timel_object_architecture"	"chenet"	"NONE"	"none"	"none"
"gahom/013533.jpg"	"timel_object_architecture"	"chenet"	"NONE"	"none"	"none"
"gahom/010176.jpg"	"timel_object_architecture"	"ferrure"	"NONE"	"none"	"none"
"gahom/007592.jpg"	"timel_object_architecture"	"rouet"	"NONE"	"none"	"none"
"gahom/007594.jpg"	"timel_object_architecture"	"rouet"	"NONE"	"none"	"none"
"gahom/Pierpont_m805.119v_detail.jpg"	"timel_object_architecture"	"housse"	"NONE"	"none"	"none"
"gahom/011496.jpg"	"timel_object_architecture"	"marelle"	"NONE"	"none"	"none"
"gahom/013531.jpg"	"timel_object_architecture"	"tisonnier"	"NONE"	"none"	"none"
"gahom/013533.jpg"	"timel_object_architecture"	"tisonnier"	"NONE"	"none"	"none"
"gahom/007516.jpg"	"timel_object_architecture"	"couronne de roses"	"NONE"	"none"	"none"
"gahom/010975.jpg"	"timel_object_architecture"	"ermitage"	"HIGH"	"chapelle"	"tm-cpzm9f9v"
"gahom/005551.jpg"	"timel_object_architecture"	"louche"	"NONE"	"none"	"none"
"gahom/000649.jpg"	"timel_object_architecture"	"malheurs de job"	"HIGH"	"malheurs de Job"	"tm-hshgypfs"
"gahom/005553.jpg"	"timel_object_architecture"	"nasse"	"NONE"	"none"	"none"
"gahom/011532.jpg"	"timel_object_architecture"	"théâtre"	"LOW"	"théâtre (architecture)"	"tm-jfa8kwva"
"nan"	"timel_object_architecture"	"Cou noué"	"NONE"	"none"	"none"
"gahom/007921.jpg"	"timel_subject"	"initiale ornée"	"NONE"	"none"	"none"
"gahom/007923.jpg"	"timel_subject"	"initiale ornée"	"NONE"	"none"	"none"
"gahom/007924.jpg"	"timel_subject"	"initiale ornée"	"NONE"	"none"	"none"
"gahom/007925.jpg"	"timel_subject"	"initiale ornée"	"NONE"	"none"	"none"
"gahom/007926.jpg"	"timel_subject"	"initiale ornée"	"NONE"	"none"	"none"
"gahom/007927.jpg"	"timel_subject"	"initiale ornée"	"NONE"	"none"	"none"
"gahom/011897.jpg"	"timel_subject"	"initiale ornée"	"NONE"	"none"	"none"
"gahom/011899.jpg"	"timel_subject"	"initiale ornée"	"NONE"	"none"	"none"
"gahom/011904.jpg"	"timel_subject"	"initiale ornée"	"NONE"	"none"	"none"
"gahom/011909.jpg"	"timel_subject"	"initiale ornée"	"NONE"	"none"	"none"
"gahom/011911.jpg"	"timel_subject"	"initiale ornée"	"NONE"	"none"	"none"
"gahom/011912.jpg"	"timel_subject"	"initiale ornée"	"NONE"	"none"	"none"
"gahom/011915.jpg"	"timel_subject"	"initiale ornée"	"NONE"	"none"	"none"
"gahom/010699.jpg"	"timel_subject"	"initiale ornée"	"NONE"	"none"	"none"
"gahom/013558.jpg"	"timel_subject"	"initiale ornée"	"NONE"	"none"	"none"
"gahom/013564.jpg"	"timel_subject"	"initiale ornée"	"NONE"	"none"	"none"
"gahom/013566.jpg"	"timel_subject"	"initiale ornée"	"NONE"	"none"	"none"
"gahom/013569.jpg"	"timel_subject"	"initiale ornée"	"NONE"	"none"	"none"
"gahom/013573.jpg"	"timel_subject"	"initiale ornée"	"NONE"	"none"	"none"
"gahom/013575.jpg"	"timel_subject"	"initiale ornée"	"NONE"	"none"	"none"
"gahom/013576.jpg"	"timel_subject"	"initiale ornée"	"NONE"	"none"	"none"
"gahom/013578.jpg"	"timel_subject"	"initiale ornée"	"NONE"	"none"	"none"
"gahom/013582.jpg"	"timel_subject"	"initiale ornée"	"NONE"	"none"	"none"
"gahom/013584.jpg"	"timel_subject"	"initiale ornée"	"NONE"	"none"	"none"
"gahom/013589.jpg"	"timel_subject"	"initiale ornée"	"NONE"	"none"	"none"
"gahom/013611.jpg"	"timel_subject"	"initiale ornée"	"NONE"	"none"	"none"
"gahom/010285.jpg"	"timel_subject"	"initiale ornée"	"NONE"	"none"	"none"
"gahom/010287.jpg"	"timel_subject"	"initiale ornée"	"NONE"	"none"	"none"
"gahom/010318.jpg"	"timel_subject"	"initiale ornée"	"NONE"	"none"	"none"
"gahom/005508.jpg"	"timel_subject"	"initiale ornée"	"NONE"	"none"	"none"
"gahom/014051.jpg"	"timel_subject"	"initiale ornée"	"NONE"	"none"	"none"
"gahom/014053.jpg"	"timel_subject"	"initiale ornée"	"NONE"	"none"	"none"
"gahom/014054.jpg"	"timel_subject"	"initiale ornée"	"NONE"	"none"	"none"
"gahom/014055.jpg"	"timel_subject"	"initiale ornée"	"NONE"	"none"	"none"
"gahom/014056.jpg"	"timel_subject"	"initiale ornée"	"NONE"	"none"	"none"
"gahom/014057.jpg"	"timel_subject"	"initiale ornée"	"NONE"	"none"	"none"
"gahom/014058.jpg"	"timel_subject"	"initiale ornée"	"NONE"	"none"	"none"
"gahom/014059.jpg"	"timel_subject"	"initiale ornée"	"NONE"	"none"	"none"
"gahom/014060.jpg"	"timel_subject"	"initiale ornée"	"NONE"	"none"	"none"
"gahom/014061.jpg"	"timel_subject"	"initiale ornée"	"NONE"	"none"	"none"
"gahom/004339.jpg"	"timel_subject"	"initiale ornée"	"NONE"	"none"	"none"
"gahom/004341.jpg"	"timel_subject"	"initiale ornée"	"NONE"	"none"	"none"
"gahom/004343.jpg"	"timel_subject"	"initiale ornée"	"NONE"	"none"	"none"
"gahom/004345.jpg"	"timel_subject"	"initiale ornée"	"NONE"	"none"	"none"
"gahom/004350.jpg"	"timel_subject"	"initiale ornée"	"NONE"	"none"	"none"
"gahom/004352.jpg"	"timel_subject"	"initiale ornée"	"NONE"	"none"	"none"
"gahom/004353.jpg"	"timel_subject"	"initiale ornée"	"NONE"	"none"	"none"
"gahom/000089.jpg"	"timel_subject"	"initiale ornée"	"NONE"	"none"	"none"
"gahom/000091.jpg"	"timel_subject"	"initiale ornée"	"NONE"	"none"	"none"
"gahom/000197.jpg"	"timel_subject"	"initiale ornée"	"NONE"	"none"	"none"
"gahom/005781.jpg"	"timel_subject"	"initiale ornée"	"NONE"	"none"	"none"
"gahom/005783.jpg"	"timel_subject"	"initiale ornée"	"NONE"	"none"	"none"
"gahom/005784.jpg"	"timel_subject"	"initiale ornée"	"NONE"	"none"	"none"
"gahom/007365.jpg"	"timel_subject"	"initiale ornée"	"NONE"	"none"	"none"
"gahom/007410.jpg"	"timel_subject"	"initiale ornée"	"NONE"	"none"	"none"
"gahom/013013.jpg"	"timel_subject"	"initiale ornée"	"NONE"	"none"	"none"
"gahom/013015.jpg"	"timel_subject"	"initiale ornée"	"NONE"	"none"	"none"
"gahom/013016.jpg"	"timel_subject"	"initiale ornée"	"NONE"	"none"	"none"
"gahom/013017.jpg"	"timel_subject"	"initiale ornée"	"NONE"	"none"	"none"
"gahom/013018.jpg"	"timel_subject"	"initiale ornée"	"NONE"	"none"	"none"
"gahom/013019.jpg"	"timel_subject"	"initiale ornée"	"NONE"	"none"	"none"
"gahom/013020.jpg"	"timel_subject"	"initiale ornée"	"NONE"	"none"	"none"
"gahom/013021.jpg"	"timel_subject"	"initiale ornée"	"NONE"	"none"	"none"
"gahom/013022.jpg"	"timel_subject"	"initiale ornée"	"NONE"	"none"	"none"
"gahom/013023.jpg"	"timel_subject"	"initiale ornée"	"NONE"	"none"	"none"
"gahom/013024.jpg"	"timel_subject"	"initiale ornée"	"NONE"	"none"	"none"
"gahom/013025.jpg"	"timel_subject"	"initiale ornée"	"NONE"	"none"	"none"
"gahom/013026.jpg"	"timel_subject"	"initiale ornée"	"NONE"	"none"	"none"
"gahom/013027.jpg"	"timel_subject"	"initiale ornée"	"NONE"	"none"	"none"
"gahom/013028.jpg"	"timel_subject"	"initiale ornée"	"NONE"	"none"	"none"
"gahom/013029.jpg"	"timel_subject"	"initiale ornée"	"NONE"	"none"	"none"
"gahom/013224.jpg"	"timel_subject"	"Christ en majesté"	"NONE"	"none"	"none"
"gahom/013226.jpg"	"timel_subject"	"Christ en majesté"	"NONE"	"none"	"none"
"gahom/007645.jpg"	"timel_subject"	"Christ en majesté"	"NONE"	"none"	"none"
"gahom/007647.jpg"	"timel_subject"	"Christ en majesté"	"NONE"	"none"	"none"
"gahom/007648.jpg"	"timel_subject"	"Christ en majesté"	"NONE"	"none"	"none"
"gahom/000294.jpg"	"timel_subject"	"allégorie de l'Église"	"NONE"	"none"	"none"
"gahom/000296.jpg"	"timel_subject"	"allégorie de l'Église"	"NONE"	"none"	"none"
"gahom/000297.jpg"	"timel_subject"	"allégorie de l'Église"	"NONE"	"none"	"none"
"gahom/000298.jpg"	"timel_subject"	"allégorie de l'Église"	"NONE"	"none"	"none"
"gahom/000309.jpg"	"timel_subject"	"allégorie de l'Église"	"NONE"	"none"	"none"
"gahom/000311.jpg"	"timel_subject"	"allégorie de l'Église"	"NONE"	"none"	"none"
"gahom/000312.jpg"	"timel_subject"	"allégorie de l'Église"	"NONE"	"none"	"none"
"gahom/000313.jpg"	"timel_subject"	"allégorie de l'Église"	"NONE"	"none"	"none"
"gahom/000314.jpg"	"timel_subject"	"allégorie de l'Église"	"NONE"	"none"	"none"
"gahom/000316.jpg"	"timel_subject"	"allégorie de l'Église"	"NONE"	"none"	"none"
"gahom/000317.jpg"	"timel_subject"	"allégorie de l'Église"	"NONE"	"none"	"none"
"gahom/000318.jpg"	"timel_subject"	"allégorie de l'Église"	"NONE"	"none"	"none"
"gahom/000324.jpg"	"timel_subject"	"allégorie de l'Église"	"NONE"	"none"	"none"
"gahom/000330.jpg"	"timel_subject"	"allégorie de l'Église"	"NONE"	"none"	"none"
"gahom/000392.jpg"	"timel_subject"	"allégorie de l'Église"	"NONE"	"none"	"none"
"gahom/000394.jpg"	"timel_subject"	"allégorie de l'Église"	"NONE"	"none"	"none"
"gahom/000395.jpg"	"timel_subject"	"allégorie de l'Église"	"NONE"	"none"	"none"
"gahom/000396.jpg"	"timel_subject"	"allégorie de l'Église"	"NONE"	"none"	"none"
"gahom/000551.jpg"	"timel_subject"	"allégorie de l'Église"	"NONE"	"none"	"none"
"gahom/005058.jpg"	"timel_subject"	"généalogie du Christ"	"NONE"	"none"	"none"
"gahom/005060.jpg"	"timel_subject"	"généalogie du Christ"	"NONE"	"none"	"none"
"gahom/005061.jpg"	"timel_subject"	"généalogie du Christ"	"NONE"	"none"	"none"
"gahom/005062.jpg"	"timel_subject"	"généalogie du Christ"	"NONE"	"none"	"none"
"gahom/005063.jpg"	"timel_subject"	"généalogie du Christ"	"NONE"	"none"	"none"
"gahom/005064.jpg"	"timel_subject"	"généalogie du Christ"	"NONE"	"none"	"none"
"gahom/005065.jpg"	"timel_subject"	"généalogie du Christ"	"NONE"	"none"	"none"
"gahom/005066.jpg"	"timel_subject"	"généalogie du Christ"	"NONE"	"none"	"none"
"gahom/005067.jpg"	"timel_subject"	"généalogie du Christ"	"NONE"	"none"	"none"
"gahom/005068.jpg"	"timel_subject"	"généalogie du Christ"	"NONE"	"none"	"none"
"gahom/005069.jpg"	"timel_subject"	"généalogie du Christ"	"NONE"	"none"	"none"
"gahom/005070.jpg"	"timel_subject"	"généalogie du Christ"	"NONE"	"none"	"none"
"gahom/004357.jpg"	"timel_subject"	"généalogie du Christ"	"NONE"	"none"	"none"
"gahom/004359.jpg"	"timel_subject"	"généalogie du Christ"	"NONE"	"none"	"none"
"gahom/004360.jpg"	"timel_subject"	"généalogie du Christ"	"NONE"	"none"	"none"
"gahom/004361.jpg"	"timel_subject"	"généalogie du Christ"	"NONE"	"none"	"none"
"gahom/004362.jpg"	"timel_subject"	"généalogie du Christ"	"NONE"	"none"	"none"
"gahom/004363.jpg"	"timel_subject"	"généalogie du Christ"	"NONE"	"none"	"none"
"gahom/000309.jpg"	"timel_subject"	"allégorie de la luxure"	"NONE"	"none"	"none"
"gahom/000311.jpg"	"timel_subject"	"allégorie de la luxure"	"NONE"	"none"	"none"
"gahom/000312.jpg"	"timel_subject"	"allégorie de la luxure"	"NONE"	"none"	"none"
"gahom/000313.jpg"	"timel_subject"	"allégorie de la luxure"	"NONE"	"none"	"none"
"gahom/000425.jpg"	"timel_subject"	"allégorie de la luxure"	"NONE"	"none"	"none"
"gahom/000427.jpg"	"timel_subject"	"allégorie de la luxure"	"NONE"	"none"	"none"
"gahom/000428.jpg"	"timel_subject"	"allégorie de la luxure"	"NONE"	"none"	"none"
"gahom/000429.jpg"	"timel_subject"	"allégorie de la luxure"	"NONE"	"none"	"none"
"gahom/000638.jpg"	"timel_subject"	"allégorie de la luxure"	"NONE"	"none"	"none"
"gahom/000640.jpg"	"timel_subject"	"allégorie de la luxure"	"NONE"	"none"	"none"
"gahom/000108.jpg"	"timel_subject"	"animal fantastique"	"LOW"	"animal fantastique à deux têtes"	"tm-jv3rhrdi"
"gahom/000110.jpg"	"timel_subject"	"animal fantastique"	"LOW"	"animal fantastique à deux têtes"	"tm-jv3rhrdi"
"gahom/000130.jpg"	"timel_subject"	"animal fantastique"	"LOW"	"animal fantastique à deux têtes"	"tm-jv3rhrdi"
"gahom/000132.jpg"	"timel_subject"	"animal fantastique"	"LOW"	"animal fantastique à deux têtes"	"tm-jv3rhrdi"
"gahom/000134.jpg"	"timel_subject"	"animal fantastique"	"LOW"	"animal fantastique à deux têtes"	"tm-jv3rhrdi"
"gahom/010547.jpg"	"timel_subject"	"combat de chevaliers"	"NONE"	"none"	"none"
"gahom/008040.jpg"	"timel_subject"	"David en prière"	"NONE"	"none"	"none"
"gahom/002427.jpg"	"timel_subject"	"apparition de Dieu à Moïse"	"NONE"	"none"	"none"
"gahom/000333.jpg"	"timel_subject"	"prêtre célébrant la messe"	"NONE"	"none"	"none"
"gahom/005546.jpg"	"timel_subject"	"Dieu en majesté"	"NONE"	"none"	"none"
"gahom/007641.jpg"	"timel_subject"	"Dieu en majesté"	"NONE"	"none"	"none"
"gahom/007643.jpg"	"timel_subject"	"Dieu en majesté"	"NONE"	"none"	"none"
"gahom/007644.jpg"	"timel_subject"	"Dieu en majesté"	"NONE"	"none"	"none"
"gahom/000294.jpg"	"timel_subject"	"allégorie des vices"	"NONE"	"none"	"none"
"gahom/000296.jpg"	"timel_subject"	"allégorie des vices"	"NONE"	"none"	"none"
"gahom/000297.jpg"	"timel_subject"	"allégorie des vices"	"NONE"	"none"	"none"
"gahom/000298.jpg"	"timel_subject"	"allégorie des vices"	"NONE"	"none"	"none"
"gahom/003989.jpg"	"timel_subject"	"saint Jean et la coupe empoisonnée"	"NONE"	"none"	"none"
"gahom/003995.jpg"	"timel_subject"	"saint Jean et la coupe empoisonnée"	"NONE"	"none"	"none"
"gahom/003998.jpg"	"timel_subject"	"saint Jean et la coupe empoisonnée"	"NONE"	"none"	"none"
"gahom/004001.jpg"	"timel_subject"	"saint Jean et la coupe empoisonnée"	"NONE"	"none"	"none"
"gahom/004004.jpg"	"timel_subject"	"saint Jean et la coupe empoisonnée"	"NONE"	"none"	"none"
"gahom/004007.jpg"	"timel_subject"	"saint Jean et la coupe empoisonnée"	"NONE"	"none"	"none"
"gahom/007670.jpg"	"timel_subject"	"saint Jean et la coupe empoisonnée"	"NONE"	"none"	"none"
"gahom/007672.jpg"	"timel_subject"	"saint Jean et la coupe empoisonnée"	"NONE"	"none"	"none"
"gahom/007673.jpg"	"timel_subject"	"saint Jean et la coupe empoisonnée"	"NONE"	"none"	"none"
"gahom/007674.jpg"	"timel_subject"	"saint Jean et la coupe empoisonnée"	"NONE"	"none"	"none"
"gahom/008077.jpg"	"timel_subject"	"Hérode ordonnant le massacre des saints Innocents"	"HIGH"	"Hérode ordonnant le massacre des saints innocents."	"tm-anbdizwx"
"gahom/007637.jpg"	"timel_subject"	"apparition de Dieu à David"	"NONE"	"none"	"none"
"gahom/007639.jpg"	"timel_subject"	"apparition de Dieu à David"	"NONE"	"none"	"none"
"gahom/007640.jpg"	"timel_subject"	"apparition de Dieu à David"	"NONE"	"none"	"none"
"gahom/013531.jpg"	"timel_subject"	"martyre de saint Sébastien"	"NONE"	"none"	"none"
"gahom/013533.jpg"	"timel_subject"	"martyre de saint Sébastien"	"NONE"	"none"	"none"
"gahom/003988.jpg"	"timel_subject"	"martyre de saint Sébastien"	"NONE"	"none"	"none"
"gahom/003994.jpg"	"timel_subject"	"martyre de saint Sébastien"	"NONE"	"none"	"none"
"gahom/003997.jpg"	"timel_subject"	"martyre de saint Sébastien"	"NONE"	"none"	"none"
"gahom/004000.jpg"	"timel_subject"	"martyre de saint Sébastien"	"NONE"	"none"	"none"
"gahom/004003.jpg"	"timel_subject"	"martyre de saint Sébastien"	"NONE"	"none"	"none"
"gahom/004006.jpg"	"timel_subject"	"martyre de saint Sébastien"	"NONE"	"none"	"none"
"gahom/014051.jpg"	"timel_subject"	"allégorie du Christ"	"NONE"	"none"	"none"
"gahom/014053.jpg"	"timel_subject"	"allégorie du Christ"	"NONE"	"none"	"none"
"gahom/014054.jpg"	"timel_subject"	"allégorie du Christ"	"NONE"	"none"	"none"
"gahom/014055.jpg"	"timel_subject"	"allégorie du Christ"	"NONE"	"none"	"none"
"gahom/014056.jpg"	"timel_subject"	"allégorie du Christ"	"NONE"	"none"	"none"
"gahom/014057.jpg"	"timel_subject"	"allégorie du Christ"	"NONE"	"none"	"none"
"gahom/014058.jpg"	"timel_subject"	"allégorie du Christ"	"NONE"	"none"	"none"
"gahom/014059.jpg"	"timel_subject"	"allégorie du Christ"	"NONE"	"none"	"none"
"gahom/014060.jpg"	"timel_subject"	"allégorie du Christ"	"NONE"	"none"	"none"
"gahom/014061.jpg"	"timel_subject"	"allégorie du Christ"	"NONE"	"none"	"none"
"gahom/014051.jpg"	"timel_subject"	"Christ bénissant au sommet d'une montagne"	"NONE"	"none"	"none"
"gahom/014053.jpg"	"timel_subject"	"Christ bénissant au sommet d'une montagne"	"NONE"	"none"	"none"
"gahom/014054.jpg"	"timel_subject"	"Christ bénissant au sommet d'une montagne"	"NONE"	"none"	"none"
"gahom/014055.jpg"	"timel_subject"	"Christ bénissant au sommet d'une montagne"	"NONE"	"none"	"none"
"gahom/014056.jpg"	"timel_subject"	"Christ bénissant au sommet d'une montagne"	"NONE"	"none"	"none"
"gahom/014057.jpg"	"timel_subject"	"Christ bénissant au sommet d'une montagne"	"NONE"	"none"	"none"
"gahom/014058.jpg"	"timel_subject"	"Christ bénissant au sommet d'une montagne"	"NONE"	"none"	"none"
"gahom/014059.jpg"	"timel_subject"	"Christ bénissant au sommet d'une montagne"	"NONE"	"none"	"none"
"gahom/014060.jpg"	"timel_subject"	"Christ bénissant au sommet d'une montagne"	"NONE"	"none"	"none"
"gahom/014061.jpg"	"timel_subject"	"Christ bénissant au sommet d'une montagne"	"NONE"	"none"	"none"
"gahom/014051.jpg"	"timel_subject"	"Christ et les vierges sages"	"NONE"	"none"	"none"
"gahom/014053.jpg"	"timel_subject"	"Christ et les vierges sages"	"NONE"	"none"	"none"
"gahom/014054.jpg"	"timel_subject"	"Christ et les vierges sages"	"NONE"	"none"	"none"
"gahom/014055.jpg"	"timel_subject"	"Christ et les vierges sages"	"NONE"	"none"	"none"
"gahom/014056.jpg"	"timel_subject"	"Christ et les vierges sages"	"NONE"	"none"	"none"
"gahom/014057.jpg"	"timel_subject"	"Christ et les vierges sages"	"NONE"	"none"	"none"
"gahom/014058.jpg"	"timel_subject"	"Christ et les vierges sages"	"NONE"	"none"	"none"
"gahom/014059.jpg"	"timel_subject"	"Christ et les vierges sages"	"NONE"	"none"	"none"
"gahom/014060.jpg"	"timel_subject"	"Christ et les vierges sages"	"NONE"	"none"	"none"
"gahom/014061.jpg"	"timel_subject"	"Christ et les vierges sages"	"NONE"	"none"	"none"
"gahom/014051.jpg"	"timel_subject"	"allégorie de la Trinité"	"NONE"	"none"	"none"
"gahom/014053.jpg"	"timel_subject"	"allégorie de la Trinité"	"NONE"	"none"	"none"
"gahom/014054.jpg"	"timel_subject"	"allégorie de la Trinité"	"NONE"	"none"	"none"
"gahom/014055.jpg"	"timel_subject"	"allégorie de la Trinité"	"NONE"	"none"	"none"
"gahom/014056.jpg"	"timel_subject"	"allégorie de la Trinité"	"NONE"	"none"	"none"
"gahom/014057.jpg"	"timel_subject"	"allégorie de la Trinité"	"NONE"	"none"	"none"
"gahom/014058.jpg"	"timel_subject"	"allégorie de la Trinité"	"NONE"	"none"	"none"
"gahom/014059.jpg"	"timel_subject"	"allégorie de la Trinité"	"NONE"	"none"	"none"
"gahom/014060.jpg"	"timel_subject"	"allégorie de la Trinité"	"NONE"	"none"	"none"
"gahom/014061.jpg"	"timel_subject"	"allégorie de la Trinité"	"NONE"	"none"	"none"
"gahom/000335.jpg"	"timel_subject"	"évêque ordonnant un prêtre"	"NONE"	"none"	"none"
"gahom/000337.jpg"	"timel_subject"	"évêque ordonnant un prêtre"	"NONE"	"none"	"none"
"gahom/000338.jpg"	"timel_subject"	"évêque ordonnant un prêtre"	"NONE"	"none"	"none"
"gahom/000339.jpg"	"timel_subject"	"évêque ordonnant un prêtre"	"NONE"	"none"	"none"
"gahom/000340.jpg"	"timel_subject"	"évêque ordonnant un prêtre"	"NONE"	"none"	"none"
"gahom/000341.jpg"	"timel_subject"	"évêque ordonnant un prêtre"	"NONE"	"none"	"none"
"gahom/000348.jpg"	"timel_subject"	"Christ enseignant"	"NONE"	"none"	"none"
"gahom/000350.jpg"	"timel_subject"	"Christ enseignant"	"NONE"	"none"	"none"
"gahom/000351.jpg"	"timel_subject"	"Christ enseignant"	"NONE"	"none"	"none"
"gahom/000352.jpg"	"timel_subject"	"Christ enseignant"	"NONE"	"none"	"none"
"gahom/013971.jpg"	"timel_subject"	"mois de février : homme se chauffant"	"NONE"	"none"	"none"
"gahom/008027.jpg"	"timel_subject"	"mois de mai : cavalier au faucon"	"NONE"	"none"	"none"
"gahom/008029.jpg"	"timel_subject"	"mois de mai : cavalier au faucon"	"NONE"	"none"	"none"
"gahom/013977.jpg"	"timel_subject"	"mois de mai : cavalier au faucon"	"NONE"	"none"	"none"
"gahom/000333.jpg"	"timel_subject"	"prêtre élevant l'hostie"	"NONE"	"none"	"none"
"gahom/005616.jpg"	"timel_subject"	"rencontre de Salomon et de la reine de Saba"	"NONE"	"none"	"none"
"gahom/013602.jpg"	"timel_subject"	"Saints en majesté"	"NONE"	"none"	"none"
"gahom/013604.jpg"	"timel_subject"	"Saints en majesté"	"NONE"	"none"	"none"
"gahom/013605.jpg"	"timel_subject"	"Saints en majesté"	"NONE"	"none"	"none"
"gahom/013607.jpg"	"timel_subject"	"Saints en majesté"	"NONE"	"none"	"none"
"gahom/013608.jpg"	"timel_subject"	"Saints en majesté"	"NONE"	"none"	"none"
"gahom/013610.jpg"	"timel_subject"	"Saints en majesté"	"NONE"	"none"	"none"
"gahom/003988.jpg"	"timel_subject"	"crucifiement de saint André"	"NONE"	"none"	"none"
"gahom/003994.jpg"	"timel_subject"	"crucifiement de saint André"	"NONE"	"none"	"none"
"gahom/003997.jpg"	"timel_subject"	"crucifiement de saint André"	"NONE"	"none"	"none"
"gahom/004000.jpg"	"timel_subject"	"crucifiement de saint André"	"NONE"	"none"	"none"
"gahom/004003.jpg"	"timel_subject"	"crucifiement de saint André"	"NONE"	"none"	"none"
"gahom/004006.jpg"	"timel_subject"	"crucifiement de saint André"	"NONE"	"none"	"none"
"gahom/000377.jpg"	"timel_subject"	"Christ remettant les clés à saint Pierre"	"LOW"	"Christ remettant les clefs à saint Pierre"	"tm-i2fvlkpp"
"gahom/000379.jpg"	"timel_subject"	"Christ remettant les clés à saint Pierre"	"LOW"	"Christ remettant les clefs à saint Pierre"	"tm-i2fvlkpp"
"gahom/000380.jpg"	"timel_subject"	"Christ remettant les clés à saint Pierre"	"LOW"	"Christ remettant les clefs à saint Pierre"	"tm-i2fvlkpp"
"gahom/000381.jpg"	"timel_subject"	"Christ remettant les clés à saint Pierre"	"LOW"	"Christ remettant les clefs à saint Pierre"	"tm-i2fvlkpp"
"gahom/006997.jpg"	"timel_subject"	"Schéma"	"NONE"	"none"	"none"
"gahom/006999.jpg"	"timel_subject"	"Schéma"	"NONE"	"none"	"none"
"gahom/007000.jpg"	"timel_subject"	"Schéma"	"NONE"	"none"	"none"
"gahom/007001.jpg"	"timel_subject"	"Schéma"	"NONE"	"none"	"none"
"gahom/007002.jpg"	"timel_subject"	"Schéma"	"NONE"	"none"	"none"
"gahom/007003.jpg"	"timel_subject"	"Schéma"	"NONE"	"none"	"none"
"gahom/007004.jpg"	"timel_subject"	"Schéma"	"NONE"	"none"	"none"
"gahom/013543.jpg"	"timel_subject"	"combat entre saint Michel et le dragon"	"LOW"	"combat entre saint Michel et le dragon de l'Apocalypse"	"tm-wjlzmegu"
"gahom/013545.jpg"	"timel_subject"	"combat entre saint Michel et le dragon"	"LOW"	"combat entre saint Michel et le dragon de l'Apocalypse"	"tm-wjlzmegu"
"gahom/000092.jpg"	"timel_subject"	"création"	"LOW"	"Création (sujets)"	"tm-2wvkazaq"
"gahom/000094.jpg"	"timel_subject"	"création"	"LOW"	"Création (sujets)"	"tm-2wvkazaq"
"gahom/000095.jpg"	"timel_subject"	"création"	"LOW"	"Création (sujets)"	"tm-2wvkazaq"
"gahom/000096.jpg"	"timel_subject"	"création"	"LOW"	"Création (sujets)"	"tm-2wvkazaq"
"gahom/000097.jpg"	"timel_subject"	"création"	"LOW"	"Création (sujets)"	"tm-2wvkazaq"
"gahom/000098.jpg"	"timel_subject"	"création"	"LOW"	"Création (sujets)"	"tm-2wvkazaq"
"gahom/000092.jpg"	"timel_subject"	"création des végétaux"	"NONE"	"none"	"none"
"gahom/000094.jpg"	"timel_subject"	"création des végétaux"	"NONE"	"none"	"none"
"gahom/000095.jpg"	"timel_subject"	"création des végétaux"	"NONE"	"none"	"none"
"gahom/000096.jpg"	"timel_subject"	"création des végétaux"	"NONE"	"none"	"none"
"gahom/000097.jpg"	"timel_subject"	"création des végétaux"	"NONE"	"none"	"none"
"gahom/000098.jpg"	"timel_subject"	"création des végétaux"	"NONE"	"none"	"none"
"gahom/000294.jpg"	"timel_subject"	"mariage du Christ et de l'Église"	"NONE"	"none"	"none"
"gahom/000296.jpg"	"timel_subject"	"mariage du Christ et de l'Église"	"NONE"	"none"	"none"
"gahom/000297.jpg"	"timel_subject"	"mariage du Christ et de l'Église"	"NONE"	"none"	"none"
"gahom/000298.jpg"	"timel_subject"	"mariage du Christ et de l'Église"	"NONE"	"none"	"none"
"gahom/000324.jpg"	"timel_subject"	"mariage du Christ et de l'Église"	"NONE"	"none"	"none"
"gahom/013531.jpg"	"timel_subject"	"martyre de sainte Agathe"	"NONE"	"none"	"none"
"gahom/013533.jpg"	"timel_subject"	"martyre de sainte Agathe"	"NONE"	"none"	"none"
"gahom/013983.jpg"	"timel_subject"	"mois d'août : battage"	"NONE"	"none"	"none"
"gahom/013975.jpg"	"timel_subject"	"mois d'avril : jeune homme tenant des végétaux"	"NONE"	"none"	"none"
"gahom/013987.jpg"	"timel_subject"	"mois d'octobre : semailles"	"NONE"	"none"	"none"
"gahom/007607.jpg"	"timel_subject"	"oriental"	"NONE"	"none"	"none"
"gahom/007609.jpg"	"timel_subject"	"oriental"	"NONE"	"none"	"none"
"gahom/007610.jpg"	"timel_subject"	"oriental"	"NONE"	"none"	"none"
"gahom/007611.jpg"	"timel_subject"	"oriental"	"NONE"	"none"	"none"
"gahom/007613.jpg"	"timel_subject"	"oriental"	"NONE"	"none"	"none"
"gahom/007614.jpg"	"timel_subject"	"oriental"	"NONE"	"none"	"none"
"gahom/000335.jpg"	"timel_subject"	"prêtre baptisant"	"NONE"	"none"	"none"
"gahom/000337.jpg"	"timel_subject"	"prêtre baptisant"	"NONE"	"none"	"none"
"gahom/000338.jpg"	"timel_subject"	"prêtre baptisant"	"NONE"	"none"	"none"
"gahom/000339.jpg"	"timel_subject"	"prêtre baptisant"	"NONE"	"none"	"none"
"gahom/000340.jpg"	"timel_subject"	"prêtre baptisant"	"NONE"	"none"	"none"
"gahom/000341.jpg"	"timel_subject"	"prêtre baptisant"	"NONE"	"none"	"none"
"gahom/000092.jpg"	"timel_subject"	"repos du Créateur?"	"HIGH"	"repos du créateur"	"tm-3yrtnweo"
"gahom/000094.jpg"	"timel_subject"	"repos du Créateur?"	"HIGH"	"repos du créateur"	"tm-3yrtnweo"
"gahom/000095.jpg"	"timel_subject"	"repos du Créateur?"	"HIGH"	"repos du créateur"	"tm-3yrtnweo"
"gahom/000096.jpg"	"timel_subject"	"repos du Créateur?"	"HIGH"	"repos du créateur"	"tm-3yrtnweo"
"gahom/000097.jpg"	"timel_subject"	"repos du Créateur?"	"HIGH"	"repos du créateur"	"tm-3yrtnweo"
"gahom/000098.jpg"	"timel_subject"	"repos du Créateur?"	"HIGH"	"repos du créateur"	"tm-3yrtnweo"
"gahom/003988.jpg"	"timel_subject"	"saint Jean-Baptiste portant l'agneau divin"	"NONE"	"none"	"none"
"gahom/003994.jpg"	"timel_subject"	"saint Jean-Baptiste portant l'agneau divin"	"NONE"	"none"	"none"
"gahom/003997.jpg"	"timel_subject"	"saint Jean-Baptiste portant l'agneau divin"	"NONE"	"none"	"none"
"gahom/004000.jpg"	"timel_subject"	"saint Jean-Baptiste portant l'agneau divin"	"NONE"	"none"	"none"
"gahom/004003.jpg"	"timel_subject"	"saint Jean-Baptiste portant l'agneau divin"	"NONE"	"none"	"none"
"gahom/004006.jpg"	"timel_subject"	"saint Jean-Baptiste portant l'agneau divin"	"NONE"	"none"	"none"
"gahom/007632.jpg"	"timel_subject"	"Christ de pitié"	"NONE"	"none"	"none"
"gahom/007634.jpg"	"timel_subject"	"Christ de pitié"	"NONE"	"none"	"none"
"gahom/007635.jpg"	"timel_subject"	"Christ de pitié"	"NONE"	"none"	"none"
"gahom/007636.jpg"	"timel_subject"	"Christ de pitié"	"NONE"	"none"	"none"
"gahom/000092.jpg"	"timel_subject"	"Création du firmament et de la terre ?"	"NONE"	"none"	"none"
"gahom/000094.jpg"	"timel_subject"	"Création du firmament et de la terre ?"	"NONE"	"none"	"none"
"gahom/000095.jpg"	"timel_subject"	"Création du firmament et de la terre ?"	"NONE"	"none"	"none"
"gahom/000096.jpg"	"timel_subject"	"Création du firmament et de la terre ?"	"NONE"	"none"	"none"
"gahom/000097.jpg"	"timel_subject"	"Création du firmament et de la terre ?"	"NONE"	"none"	"none"
"gahom/000098.jpg"	"timel_subject"	"Création du firmament et de la terre ?"	"NONE"	"none"	"none"
"gahom/003989.jpg"	"timel_subject"	"Saint Nicolas baptisant trois enfants ?"	"NONE"	"none"	"none"
"gahom/003995.jpg"	"timel_subject"	"Saint Nicolas baptisant trois enfants ?"	"NONE"	"none"	"none"
"gahom/003998.jpg"	"timel_subject"	"Saint Nicolas baptisant trois enfants ?"	"NONE"	"none"	"none"
"gahom/004001.jpg"	"timel_subject"	"Saint Nicolas baptisant trois enfants ?"	"NONE"	"none"	"none"
"gahom/004004.jpg"	"timel_subject"	"Saint Nicolas baptisant trois enfants ?"	"NONE"	"none"	"none"
"gahom/004007.jpg"	"timel_subject"	"Saint Nicolas baptisant trois enfants ?"	"NONE"	"none"	"none"
"gahom/000425.jpg"	"timel_subject"	"allégorie de l'avarice"	"NONE"	"none"	"none"
"gahom/000427.jpg"	"timel_subject"	"allégorie de l'avarice"	"NONE"	"none"	"none"
"gahom/000428.jpg"	"timel_subject"	"allégorie de l'avarice"	"NONE"	"none"	"none"
"gahom/000429.jpg"	"timel_subject"	"allégorie de l'avarice"	"NONE"	"none"	"none"
"gahom/007632.jpg"	"timel_subject"	"anges musiciens"	"NONE"	"none"	"none"
"gahom/007634.jpg"	"timel_subject"	"anges musiciens"	"NONE"	"none"	"none"
"gahom/007635.jpg"	"timel_subject"	"anges musiciens"	"NONE"	"none"	"none"
"gahom/007636.jpg"	"timel_subject"	"anges musiciens"	"NONE"	"none"	"none"
"gahom/004357.jpg"	"timel_subject"	"apôtres cueillant du blé"	"NONE"	"none"	"none"
"gahom/004359.jpg"	"timel_subject"	"apôtres cueillant du blé"	"NONE"	"none"	"none"
"gahom/004360.jpg"	"timel_subject"	"apôtres cueillant du blé"	"NONE"	"none"	"none"
"gahom/004361.jpg"	"timel_subject"	"apôtres cueillant du blé"	"NONE"	"none"	"none"
"gahom/004362.jpg"	"timel_subject"	"apôtres cueillant du blé"	"NONE"	"none"	"none"
"gahom/004363.jpg"	"timel_subject"	"apôtres cueillant du blé"	"NONE"	"none"	"none"
"gahom/002469.jpg"	"timel_subject"	"baptême d'un enfant"	"NONE"	"none"	"none"
"gahom/002471.jpg"	"timel_subject"	"baptême d'un enfant"	"NONE"	"none"	"none"
"gahom/000416.jpg"	"timel_subject"	"châtiment des vices"	"NONE"	"none"	"none"
"gahom/000418.jpg"	"timel_subject"	"châtiment des vices"	"NONE"	"none"	"none"
"gahom/000419.jpg"	"timel_subject"	"châtiment des vices"	"NONE"	"none"	"none"
"gahom/000420.jpg"	"timel_subject"	"châtiment des vices"	"NONE"	"none"	"none"
"gahom/000335.jpg"	"timel_subject"	"circoncision d'Ismaël"	"NONE"	"none"	"none"
"gahom/000337.jpg"	"timel_subject"	"circoncision d'Ismaël"	"NONE"	"none"	"none"
"gahom/000338.jpg"	"timel_subject"	"circoncision d'Ismaël"	"NONE"	"none"	"none"
"gahom/000339.jpg"	"timel_subject"	"circoncision d'Ismaël"	"NONE"	"none"	"none"
"gahom/000340.jpg"	"timel_subject"	"circoncision d'Ismaël"	"NONE"	"none"	"none"
"gahom/000341.jpg"	"timel_subject"	"circoncision d'Ismaël"	"NONE"	"none"	"none"
"gahom/001102.jpg"	"timel_subject"	"combat contre la Bête de l'Apocalypse"	"HIGH"	"combat contre la bête de l'Apocalypse"	"tm-v6ztlgca"
"gahom/007595.jpg"	"timel_subject"	"fuite en Égypte et miracle du champ de blé"	"NONE"	"none"	"none"
"gahom/007597.jpg"	"timel_subject"	"fuite en Égypte et miracle du champ de blé"	"NONE"	"none"	"none"
"gahom/007598.jpg"	"timel_subject"	"fuite en Égypte et miracle du champ de blé"	"NONE"	"none"	"none"
"gahom/000092.jpg"	"timel_subject"	"lapin et oiseau"	"NONE"	"none"	"none"
"gahom/000094.jpg"	"timel_subject"	"lapin et oiseau"	"NONE"	"none"	"none"
"gahom/000095.jpg"	"timel_subject"	"lapin et oiseau"	"NONE"	"none"	"none"
"gahom/000096.jpg"	"timel_subject"	"lapin et oiseau"	"NONE"	"none"	"none"
"gahom/000097.jpg"	"timel_subject"	"lapin et oiseau"	"NONE"	"none"	"none"
"gahom/000098.jpg"	"timel_subject"	"lapin et oiseau"	"NONE"	"none"	"none"
"gahom/003989.jpg"	"timel_subject"	"les enfants de saint Eustache enlevés par des animaux"	"NONE"	"none"	"none"
"gahom/003995.jpg"	"timel_subject"	"les enfants de saint Eustache enlevés par des animaux"	"NONE"	"none"	"none"
"gahom/003998.jpg"	"timel_subject"	"les enfants de saint Eustache enlevés par des animaux"	"NONE"	"none"	"none"
"gahom/004001.jpg"	"timel_subject"	"les enfants de saint Eustache enlevés par des animaux"	"NONE"	"none"	"none"
"gahom/004004.jpg"	"timel_subject"	"les enfants de saint Eustache enlevés par des animaux"	"NONE"	"none"	"none"
"gahom/004007.jpg"	"timel_subject"	"les enfants de saint Eustache enlevés par des animaux"	"NONE"	"none"	"none"
"gahom/013989.jpg"	"timel_subject"	"mois de novembre : glandée"	"NONE"	"none"	"none"
"gahom/003989.jpg"	"timel_subject"	"moniale lisant"	"NONE"	"none"	"none"
"gahom/003995.jpg"	"timel_subject"	"moniale lisant"	"NONE"	"none"	"none"
"gahom/003998.jpg"	"timel_subject"	"moniale lisant"	"NONE"	"none"	"none"
"gahom/004001.jpg"	"timel_subject"	"moniale lisant"	"NONE"	"none"	"none"
"gahom/004004.jpg"	"timel_subject"	"moniale lisant"	"NONE"	"none"	"none"
"gahom/004007.jpg"	"timel_subject"	"moniale lisant"	"NONE"	"none"	"none"
"gahom/011897.jpg"	"timel_subject"	"reliure"	"NONE"	"none"	"none"
"gahom/011899.jpg"	"timel_subject"	"reliure"	"NONE"	"none"	"none"
"gahom/002519.jpg"	"timel_subject"	"reliure"	"NONE"	"none"	"none"
"gahom/006166.jpg"	"timel_subject"	"repas du Christ avec les pélerins d'Emmaüs"	"HIGH"	"repas d'Emmaüs"	"tm-ab3fnk3a"
"gahom/003989.jpg"	"timel_subject"	"saint Nicolas et les trois enfants dans le saloir"	"NONE"	"none"	"none"
"gahom/003995.jpg"	"timel_subject"	"saint Nicolas et les trois enfants dans le saloir"	"NONE"	"none"	"none"
"gahom/003998.jpg"	"timel_subject"	"saint Nicolas et les trois enfants dans le saloir"	"NONE"	"none"	"none"
"gahom/004001.jpg"	"timel_subject"	"saint Nicolas et les trois enfants dans le saloir"	"NONE"	"none"	"none"
"gahom/004004.jpg"	"timel_subject"	"saint Nicolas et les trois enfants dans le saloir"	"NONE"	"none"	"none"
"gahom/004007.jpg"	"timel_subject"	"saint Nicolas et les trois enfants dans le saloir"	"NONE"	"none"	"none"
"gahom/003988.jpg"	"timel_subject"	"sainte Ethelburge tenant son attribut"	"NONE"	"none"	"none"
"gahom/003994.jpg"	"timel_subject"	"sainte Ethelburge tenant son attribut"	"NONE"	"none"	"none"
"gahom/003997.jpg"	"timel_subject"	"sainte Ethelburge tenant son attribut"	"NONE"	"none"	"none"
"gahom/004000.jpg"	"timel_subject"	"sainte Ethelburge tenant son attribut"	"NONE"	"none"	"none"
"gahom/004003.jpg"	"timel_subject"	"sainte Ethelburge tenant son attribut"	"NONE"	"none"	"none"
"gahom/004006.jpg"	"timel_subject"	"sainte Ethelburge tenant son attribut"	"NONE"	"none"	"none"
"gahom/007632.jpg"	"timel_subject"	"sainte Face"	"NONE"	"none"	"none"
"gahom/007634.jpg"	"timel_subject"	"sainte Face"	"NONE"	"none"	"none"
"gahom/007635.jpg"	"timel_subject"	"sainte Face"	"NONE"	"none"	"none"
"gahom/007636.jpg"	"timel_subject"	"sainte Face"	"NONE"	"none"	"none"
"gahom/005479.jpg"	"timel_subject"	"sainte Hildegarde de Bingen écrivant"	"NONE"	"none"	"none"
"gahom/005493.jpg"	"timel_subject"	"sainte Hildegarde de Bingen écrivant"	"NONE"	"none"	"none"
"gahom/003988.jpg"	"timel_subject"	"sainte Madeleine lisant"	"NONE"	"none"	"none"
"gahom/003994.jpg"	"timel_subject"	"sainte Madeleine lisant"	"NONE"	"none"	"none"
"gahom/003997.jpg"	"timel_subject"	"sainte Madeleine lisant"	"NONE"	"none"	"none"
"gahom/004000.jpg"	"timel_subject"	"sainte Madeleine lisant"	"NONE"	"none"	"none"
"gahom/004003.jpg"	"timel_subject"	"sainte Madeleine lisant"	"NONE"	"none"	"none"
"gahom/004006.jpg"	"timel_subject"	"sainte Madeleine lisant"	"NONE"	"none"	"none"
"gahom/003989.jpg"	"timel_subject"	"sainte Winifred tenant son attribut"	"NONE"	"none"	"none"
"gahom/003995.jpg"	"timel_subject"	"sainte Winifred tenant son attribut"	"NONE"	"none"	"none"
"gahom/003998.jpg"	"timel_subject"	"sainte Winifred tenant son attribut"	"NONE"	"none"	"none"
"gahom/004001.jpg"	"timel_subject"	"sainte Winifred tenant son attribut"	"NONE"	"none"	"none"
"gahom/004004.jpg"	"timel_subject"	"sainte Winifred tenant son attribut"	"NONE"	"none"	"none"
"gahom/004007.jpg"	"timel_subject"	"sainte Winifred tenant son attribut"	"NONE"	"none"	"none"
"gahom/007681.jpg"	"timel_subject"	"scène de combat"	"NONE"	"none"	"none"
"gahom/007683.jpg"	"timel_subject"	"scène de combat"	"NONE"	"none"	"none"
"gahom/007684.jpg"	"timel_subject"	"scène de combat"	"NONE"	"none"	"none"
"gahom/007685.jpg"	"timel_subject"	"scène de combat"	"NONE"	"none"	"none"
"gahom/000092.jpg"	"timel_subject"	"séparation des eaux de la terre"	"NONE"	"none"	"none"
"gahom/000094.jpg"	"timel_subject"	"séparation des eaux de la terre"	"NONE"	"none"	"none"
"gahom/000095.jpg"	"timel_subject"	"séparation des eaux de la terre"	"NONE"	"none"	"none"
"gahom/000096.jpg"	"timel_subject"	"séparation des eaux de la terre"	"NONE"	"none"	"none"
"gahom/000097.jpg"	"timel_subject"	"séparation des eaux de la terre"	"NONE"	"none"	"none"
"gahom/000098.jpg"	"timel_subject"	"séparation des eaux de la terre"	"NONE"	"none"	"none"
"gahom/000335.jpg"	"timel_subject"	"évêque et prêtres écoutant le Christ"	"NONE"	"none"	"none"
"gahom/000337.jpg"	"timel_subject"	"évêque et prêtres écoutant le Christ"	"NONE"	"none"	"none"
"gahom/000338.jpg"	"timel_subject"	"évêque et prêtres écoutant le Christ"	"NONE"	"none"	"none"
"gahom/000339.jpg"	"timel_subject"	"évêque et prêtres écoutant le Christ"	"NONE"	"none"	"none"
"gahom/000340.jpg"	"timel_subject"	"évêque et prêtres écoutant le Christ"	"NONE"	"none"	"none"
"gahom/000341.jpg"	"timel_subject"	"évêque et prêtres écoutant le Christ"	"NONE"	"none"	"none"
"gahom/000294.jpg"	"timel_subject"	"évêque prêchant"	"NONE"	"none"	"none"
"gahom/000296.jpg"	"timel_subject"	"évêque prêchant"	"NONE"	"none"	"none"
"gahom/000297.jpg"	"timel_subject"	"évêque prêchant"	"NONE"	"none"	"none"
"gahom/000298.jpg"	"timel_subject"	"évêque prêchant"	"NONE"	"none"	"none"
"gahom/002445.jpg"	"timel_subject"	"Christ bénissant"	"LOW"	"Christ bénissant les enfants"	"tm-m6mmbwna"
"gahom/013560.jpg"	"timel_subject"	"Christ guérisssant un aveugle"	"LOW"	"Christ guérissant un aveugle"	"tm-2iveqmib"
"gahom/000348.jpg"	"timel_subject"	"allégorie : mariage du Christ et de l'Église"	"NONE"	"none"	"none"
"gahom/000350.jpg"	"timel_subject"	"allégorie : mariage du Christ et de l'Église"	"NONE"	"none"	"none"
"gahom/000351.jpg"	"timel_subject"	"allégorie : mariage du Christ et de l'Église"	"NONE"	"none"	"none"
"gahom/000352.jpg"	"timel_subject"	"allégorie : mariage du Christ et de l'Église"	"NONE"	"none"	"none"
"gahom/000342.jpg"	"timel_subject"	"allégorie d'un vice"	"NONE"	"none"	"none"
"gahom/000344.jpg"	"timel_subject"	"allégorie d'un vice"	"NONE"	"none"	"none"
"gahom/000345.jpg"	"timel_subject"	"allégorie d'un vice"	"NONE"	"none"	"none"
"gahom/000346.jpg"	"timel_subject"	"allégorie d'un vice"	"NONE"	"none"	"none"
"gahom/000347.jpg"	"timel_subject"	"allégorie d'un vice"	"NONE"	"none"	"none"
"gahom/000342.jpg"	"timel_subject"	"allégorie d'un vice : la luxure"	"NONE"	"none"	"none"
"gahom/000344.jpg"	"timel_subject"	"allégorie d'un vice : la luxure"	"NONE"	"none"	"none"
"gahom/000345.jpg"	"timel_subject"	"allégorie d'un vice : la luxure"	"NONE"	"none"	"none"
"gahom/000346.jpg"	"timel_subject"	"allégorie d'un vice : la luxure"	"NONE"	"none"	"none"
"gahom/000347.jpg"	"timel_subject"	"allégorie d'un vice : la luxure"	"NONE"	"none"	"none"
"gahom/000333.jpg"	"timel_subject"	"allégorie de la Synagogue"	"NONE"	"none"	"none"
"gahom/007632.jpg"	"timel_subject"	"apôtres baptisant"	"NONE"	"none"	"none"
"gahom/007634.jpg"	"timel_subject"	"apôtres baptisant"	"NONE"	"none"	"none"
"gahom/007635.jpg"	"timel_subject"	"apôtres baptisant"	"NONE"	"none"	"none"
"gahom/007636.jpg"	"timel_subject"	"apôtres baptisant"	"NONE"	"none"	"none"
"gahom/008044.jpg"	"timel_subject"	"apôtres prêchant après la Pentecôte"	"NONE"	"none"	"none"
"gahom/007625.jpg"	"timel_subject"	"apôtres prêchant après la Pentecôte"	"NONE"	"none"	"none"
"gahom/007627.jpg"	"timel_subject"	"apôtres prêchant après la Pentecôte"	"NONE"	"none"	"none"
"gahom/007628.jpg"	"timel_subject"	"apôtres prêchant après la Pentecôte"	"NONE"	"none"	"none"
"gahom/000299.jpg"	"timel_subject"	"châtiment des juifs"	"NONE"	"none"	"none"
"gahom/000301.jpg"	"timel_subject"	"châtiment des juifs"	"NONE"	"none"	"none"
"gahom/000302.jpg"	"timel_subject"	"châtiment des juifs"	"NONE"	"none"	"none"
"gahom/000303.jpg"	"timel_subject"	"châtiment des juifs"	"NONE"	"none"	"none"
"gahom/013998.jpg"	"timel_subject"	"dormition de la Vierge"	"NONE"	"none"	"none"
"gahom/000382.jpg"	"timel_subject"	"hommes en prière"	"NONE"	"none"	"none"
"gahom/000384.jpg"	"timel_subject"	"hommes en prière"	"NONE"	"none"	"none"
"gahom/000385.jpg"	"timel_subject"	"hommes en prière"	"NONE"	"none"	"none"
"gahom/000386.jpg"	"timel_subject"	"hommes en prière"	"NONE"	"none"	"none"
"gahom/000294.jpg"	"timel_subject"	"hommes en prière devant le Christ"	"NONE"	"none"	"none"
"gahom/000296.jpg"	"timel_subject"	"hommes en prière devant le Christ"	"NONE"	"none"	"none"
"gahom/000297.jpg"	"timel_subject"	"hommes en prière devant le Christ"	"NONE"	"none"	"none"
"gahom/000298.jpg"	"timel_subject"	"hommes en prière devant le Christ"	"NONE"	"none"	"none"
"gahom/000342.jpg"	"timel_subject"	"moine jouant"	"NONE"	"none"	"none"
"gahom/000344.jpg"	"timel_subject"	"moine jouant"	"NONE"	"none"	"none"
"gahom/000345.jpg"	"timel_subject"	"moine jouant"	"NONE"	"none"	"none"
"gahom/000346.jpg"	"timel_subject"	"moine jouant"	"NONE"	"none"	"none"
"gahom/000347.jpg"	"timel_subject"	"moine jouant"	"NONE"	"none"	"none"
"gahom/000342.jpg"	"timel_subject"	"moines renonçant au jeu"	"NONE"	"none"	"none"
"gahom/000344.jpg"	"timel_subject"	"moines renonçant au jeu"	"NONE"	"none"	"none"
"gahom/000345.jpg"	"timel_subject"	"moines renonçant au jeu"	"NONE"	"none"	"none"
"gahom/000346.jpg"	"timel_subject"	"moines renonçant au jeu"	"NONE"	"none"	"none"
"gahom/000347.jpg"	"timel_subject"	"moines renonçant au jeu"	"NONE"	"none"	"none"
"gahom/013969.jpg"	"timel_subject"	"mois de janvier : Janus à table"	"NONE"	"none"	"none"
"gahom/013985.jpg"	"timel_subject"	"mois de septembre : foulage du raisin"	"NONE"	"none"	"none"
"gahom/000309.jpg"	"timel_subject"	"prise d'habit d'un moine"	"NONE"	"none"	"none"
"gahom/000311.jpg"	"timel_subject"	"prise d'habit d'un moine"	"NONE"	"none"	"none"
"gahom/000312.jpg"	"timel_subject"	"prise d'habit d'un moine"	"NONE"	"none"	"none"
"gahom/000313.jpg"	"timel_subject"	"prise d'habit d'un moine"	"NONE"	"none"	"none"
"gahom/003996.jpg"	"timel_subject"	"saint Christophe portant le Christ enfant"	"NONE"	"none"	"none"
"gahom/004002.jpg"	"timel_subject"	"saint Christophe portant le Christ enfant"	"NONE"	"none"	"none"
"gahom/004009.jpg"	"timel_subject"	"saint Jérôme écrivant"	"NONE"	"none"	"none"
"gahom/000089.jpg"	"timel_subject"	"saint Jérôme écrivant"	"NONE"	"none"	"none"
"gahom/000091.jpg"	"timel_subject"	"saint Jérôme écrivant"	"NONE"	"none"	"none"
"gahom/000304.jpg"	"timel_subject"	"scène d'offrande"	"NONE"	"none"	"none"
"gahom/000306.jpg"	"timel_subject"	"scène d'offrande"	"NONE"	"none"	"none"
"gahom/000307.jpg"	"timel_subject"	"scène d'offrande"	"NONE"	"none"	"none"
"gahom/000308.jpg"	"timel_subject"	"scène d'offrande"	"NONE"	"none"	"none"
"gahom/000319.jpg"	"timel_subject"	"Abraham dissimulant Sara"	"NONE"	"none"	"none"
"gahom/000321.jpg"	"timel_subject"	"Abraham dissimulant Sara"	"NONE"	"none"	"none"
"gahom/000322.jpg"	"timel_subject"	"Abraham dissimulant Sara"	"NONE"	"none"	"none"
"gahom/000323.jpg"	"timel_subject"	"Abraham dissimulant Sara"	"NONE"	"none"	"none"
"gahom/000382.jpg"	"timel_subject"	"Christ bénissant un couple"	"NONE"	"none"	"none"
"gahom/000384.jpg"	"timel_subject"	"Christ bénissant un couple"	"NONE"	"none"	"none"
"gahom/000385.jpg"	"timel_subject"	"Christ bénissant un couple"	"NONE"	"none"	"none"
"gahom/000386.jpg"	"timel_subject"	"Christ bénissant un couple"	"NONE"	"none"	"none"
"gahom/000425.jpg"	"timel_subject"	"Christ envoyant les apôtres en mission"	"NONE"	"none"	"none"
"gahom/000427.jpg"	"timel_subject"	"Christ envoyant les apôtres en mission"	"NONE"	"none"	"none"
"gahom/000428.jpg"	"timel_subject"	"Christ envoyant les apôtres en mission"	"NONE"	"none"	"none"
"gahom/000429.jpg"	"timel_subject"	"Christ envoyant les apôtres en mission"	"NONE"	"none"	"none"
"gahom/000430.jpg"	"timel_subject"	"Christ guidant les apôtres"	"NONE"	"none"	"none"
"gahom/000432.jpg"	"timel_subject"	"Christ guidant les apôtres"	"NONE"	"none"	"none"
"gahom/000433.jpg"	"timel_subject"	"Christ guidant les apôtres"	"NONE"	"none"	"none"
"gahom/000434.jpg"	"timel_subject"	"Christ guidant les apôtres"	"NONE"	"none"	"none"
"gahom/000403.jpg"	"timel_subject"	"Dieu bénissant l'alliance entre la Nouvelle et l'Ancienne Loi"	"NONE"	"none"	"none"
"gahom/000405.jpg"	"timel_subject"	"Dieu bénissant l'alliance entre la Nouvelle et l'Ancienne Loi"	"NONE"	"none"	"none"
"gahom/000406.jpg"	"timel_subject"	"Dieu bénissant l'alliance entre la Nouvelle et l'Ancienne Loi"	"NONE"	"none"	"none"
"gahom/000407.jpg"	"timel_subject"	"Dieu bénissant l'alliance entre la Nouvelle et l'Ancienne Loi"	"NONE"	"none"	"none"
"gahom/000294.jpg"	"timel_subject"	"Dieu confiant le Paradis à Adam"	"NONE"	"none"	"none"
"gahom/000296.jpg"	"timel_subject"	"Dieu confiant le Paradis à Adam"	"NONE"	"none"	"none"
"gahom/000297.jpg"	"timel_subject"	"Dieu confiant le Paradis à Adam"	"NONE"	"none"	"none"
"gahom/000298.jpg"	"timel_subject"	"Dieu confiant le Paradis à Adam"	"NONE"	"none"	"none"
"gahom/000294.jpg"	"timel_subject"	"Dieu interdit à Adam de manger le fruit du savoir"	"NONE"	"none"	"none"
"gahom/000296.jpg"	"timel_subject"	"Dieu interdit à Adam de manger le fruit du savoir"	"NONE"	"none"	"none"
"gahom/000297.jpg"	"timel_subject"	"Dieu interdit à Adam de manger le fruit du savoir"	"NONE"	"none"	"none"
"gahom/000298.jpg"	"timel_subject"	"Dieu interdit à Adam de manger le fruit du savoir"	"NONE"	"none"	"none"
"gahom/000348.jpg"	"timel_subject"	"Eliézer demandant en mariage Rébecca pour Isaac"	"NONE"	"none"	"none"
"gahom/000350.jpg"	"timel_subject"	"Eliézer demandant en mariage Rébecca pour Isaac"	"NONE"	"none"	"none"
"gahom/000351.jpg"	"timel_subject"	"Eliézer demandant en mariage Rébecca pour Isaac"	"NONE"	"none"	"none"
"gahom/000352.jpg"	"timel_subject"	"Eliézer demandant en mariage Rébecca pour Isaac"	"NONE"	"none"	"none"
"gahom/000626.jpg"	"timel_subject"	"Job éprouvé par Satan"	"HIGH"	"Job éprouvé par satan"	"tm-vj8en3ew"
"gahom/000628.jpg"	"timel_subject"	"Job éprouvé par Satan"	"HIGH"	"Job éprouvé par satan"	"tm-vj8en3ew"
"gahom/000377.jpg"	"timel_subject"	"Joseph accueillant en Égypte son père Jacob et ses frères"	"NONE"	"none"	"none"
"gahom/000379.jpg"	"timel_subject"	"Joseph accueillant en Égypte son père Jacob et ses frères"	"NONE"	"none"	"none"
"gahom/000380.jpg"	"timel_subject"	"Joseph accueillant en Égypte son père Jacob et ses frères"	"NONE"	"none"	"none"
"gahom/000381.jpg"	"timel_subject"	"Joseph accueillant en Égypte son père Jacob et ses frères"	"NONE"	"none"	"none"
"gahom/000377.jpg"	"timel_subject"	"Joseph donnant des terres à ses frères"	"NONE"	"none"	"none"
"gahom/000379.jpg"	"timel_subject"	"Joseph donnant des terres à ses frères"	"NONE"	"none"	"none"
"gahom/000380.jpg"	"timel_subject"	"Joseph donnant des terres à ses frères"	"NONE"	"none"	"none"
"gahom/000381.jpg"	"timel_subject"	"Joseph donnant des terres à ses frères"	"NONE"	"none"	"none"
"gahom/000377.jpg"	"timel_subject"	"Joseph envoyant ses frères chercher leur père Jacob au pays de Canaan"	"NONE"	"none"	"none"
"gahom/000379.jpg"	"timel_subject"	"Joseph envoyant ses frères chercher leur père Jacob au pays de Canaan"	"NONE"	"none"	"none"
"gahom/000380.jpg"	"timel_subject"	"Joseph envoyant ses frères chercher leur père Jacob au pays de Canaan"	"NONE"	"none"	"none"
"gahom/000381.jpg"	"timel_subject"	"Joseph envoyant ses frères chercher leur père Jacob au pays de Canaan"	"NONE"	"none"	"none"
"gahom/000382.jpg"	"timel_subject"	"Joseph vendant le grain aux Égyptiens"	"NONE"	"none"	"none"
"gahom/000384.jpg"	"timel_subject"	"Joseph vendant le grain aux Égyptiens"	"NONE"	"none"	"none"
"gahom/000385.jpg"	"timel_subject"	"Joseph vendant le grain aux Égyptiens"	"NONE"	"none"	"none"
"gahom/000386.jpg"	"timel_subject"	"Joseph vendant le grain aux Égyptiens"	"NONE"	"none"	"none"
"gahom/000416.jpg"	"timel_subject"	"Moïse et Aaron célébrant la Pâque"	"NONE"	"none"	"none"
"gahom/000418.jpg"	"timel_subject"	"Moïse et Aaron célébrant la Pâque"	"NONE"	"none"	"none"
"gahom/000419.jpg"	"timel_subject"	"Moïse et Aaron célébrant la Pâque"	"NONE"	"none"	"none"
"gahom/000420.jpg"	"timel_subject"	"Moïse et Aaron célébrant la Pâque"	"NONE"	"none"	"none"
"gahom/000403.jpg"	"timel_subject"	"Pharaon augmentant le travail des hébreux"	"NONE"	"none"	"none"
"gahom/000405.jpg"	"timel_subject"	"Pharaon augmentant le travail des hébreux"	"NONE"	"none"	"none"
"gahom/000406.jpg"	"timel_subject"	"Pharaon augmentant le travail des hébreux"	"NONE"	"none"	"none"
"gahom/000407.jpg"	"timel_subject"	"Pharaon augmentant le travail des hébreux"	"NONE"	"none"	"none"
"gahom/000425.jpg"	"timel_subject"	"Pharaon poursuivant les hébreux"	"NONE"	"none"	"none"
"gahom/000427.jpg"	"timel_subject"	"Pharaon poursuivant les hébreux"	"NONE"	"none"	"none"
"gahom/000428.jpg"	"timel_subject"	"Pharaon poursuivant les hébreux"	"NONE"	"none"	"none"
"gahom/000429.jpg"	"timel_subject"	"Pharaon poursuivant les hébreux"	"NONE"	"none"	"none"
"gahom/000382.jpg"	"timel_subject"	"Saints en prière devant le Christ"	"NONE"	"none"	"none"
"gahom/000384.jpg"	"timel_subject"	"Saints en prière devant le Christ"	"NONE"	"none"	"none"
"gahom/000385.jpg"	"timel_subject"	"Saints en prière devant le Christ"	"NONE"	"none"	"none"
"gahom/000386.jpg"	"timel_subject"	"Saints en prière devant le Christ"	"NONE"	"none"	"none"
"gahom/000126.jpg"	"timel_subject"	"animal fantastique à tête d'homme"	"NONE"	"none"	"none"
"gahom/013579.jpg"	"timel_subject"	"apparition de Dieu à Moïse et Aaron"	"NONE"	"none"	"none"
"gahom/013581.jpg"	"timel_subject"	"apparition de Dieu à Moïse et Aaron"	"NONE"	"none"	"none"
"gahom/000309.jpg"	"timel_subject"	"apparition du Christ aux apôtres et à la Vierge"	"NONE"	"none"	"none"
"gahom/000311.jpg"	"timel_subject"	"apparition du Christ aux apôtres et à la Vierge"	"NONE"	"none"	"none"
"gahom/000312.jpg"	"timel_subject"	"apparition du Christ aux apôtres et à la Vierge"	"NONE"	"none"	"none"
"gahom/000313.jpg"	"timel_subject"	"apparition du Christ aux apôtres et à la Vierge"	"NONE"	"none"	"none"
"gahom/000430.jpg"	"timel_subject"	"armée de Pharaon poursuivant les hébreux"	"NONE"	"none"	"none"
"gahom/000432.jpg"	"timel_subject"	"armée de Pharaon poursuivant les hébreux"	"NONE"	"none"	"none"
"gahom/000433.jpg"	"timel_subject"	"armée de Pharaon poursuivant les hébreux"	"NONE"	"none"	"none"
"gahom/000434.jpg"	"timel_subject"	"armée de Pharaon poursuivant les hébreux"	"NONE"	"none"	"none"
"gahom/000430.jpg"	"timel_subject"	"châtiment des pécheurs en enfer"	"NONE"	"none"	"none"
"gahom/000432.jpg"	"timel_subject"	"châtiment des pécheurs en enfer"	"NONE"	"none"	"none"
"gahom/000433.jpg"	"timel_subject"	"châtiment des pécheurs en enfer"	"NONE"	"none"	"none"
"gahom/000434.jpg"	"timel_subject"	"châtiment des pécheurs en enfer"	"NONE"	"none"	"none"
"gahom/001079.jpg"	"timel_subject"	"combat contre le dragon de l'Apocalypse"	"NONE"	"none"	"none"
"gahom/001081.jpg"	"timel_subject"	"combat contre le dragon de l'Apocalypse"	"NONE"	"none"	"none"
"gahom/007619.jpg"	"timel_subject"	"cueillette de fleurs"	"NONE"	"none"	"none"
"gahom/007686.jpg"	"timel_subject"	"cueillette de fleurs"	"NONE"	"none"	"none"
"gahom/007688.jpg"	"timel_subject"	"cueillette de fleurs"	"NONE"	"none"	"none"
"gahom/007675.jpg"	"timel_subject"	"cueillette des fruits"	"NONE"	"none"	"none"
"gahom/007677.jpg"	"timel_subject"	"cueillette des fruits"	"NONE"	"none"	"none"
"gahom/007678.jpg"	"timel_subject"	"cueillette des fruits"	"NONE"	"none"	"none"
"gahom/007679.jpg"	"timel_subject"	"cueillette des fruits"	"NONE"	"none"	"none"
"gahom/000387.jpg"	"timel_subject"	"descente aux enfers"	"NONE"	"none"	"none"
"gahom/000389.jpg"	"timel_subject"	"descente aux enfers"	"NONE"	"none"	"none"
"gahom/000390.jpg"	"timel_subject"	"descente aux enfers"	"NONE"	"none"	"none"
"gahom/000391.jpg"	"timel_subject"	"descente aux enfers"	"NONE"	"none"	"none"
"gahom/000403.jpg"	"timel_subject"	"deux dominicains comparaissant devant le diable"	"NONE"	"none"	"none"
"gahom/000405.jpg"	"timel_subject"	"deux dominicains comparaissant devant le diable"	"NONE"	"none"	"none"
"gahom/000406.jpg"	"timel_subject"	"deux dominicains comparaissant devant le diable"	"NONE"	"none"	"none"
"gahom/000407.jpg"	"timel_subject"	"deux dominicains comparaissant devant le diable"	"NONE"	"none"	"none"
"gahom/013543.jpg"	"timel_subject"	"décapitation de saint Denis"	"NONE"	"none"	"none"
"gahom/013545.jpg"	"timel_subject"	"décapitation de saint Denis"	"NONE"	"none"	"none"
"gahom/013540.jpg"	"timel_subject"	"décapitation de saint Jacques"	"NONE"	"none"	"none"
"gahom/013542.jpg"	"timel_subject"	"décapitation de saint Jacques"	"NONE"	"none"	"none"
"gahom/000319.jpg"	"timel_subject"	"départ de pélerins"	"NONE"	"none"	"none"
"gahom/000321.jpg"	"timel_subject"	"départ de pélerins"	"NONE"	"none"	"none"
"gahom/000322.jpg"	"timel_subject"	"départ de pélerins"	"NONE"	"none"	"none"
"gahom/000323.jpg"	"timel_subject"	"départ de pélerins"	"NONE"	"none"	"none"
"gahom/007675.jpg"	"timel_subject"	"enfant escaladant un arbre"	"NONE"	"none"	"none"
"gahom/007677.jpg"	"timel_subject"	"enfant escaladant un arbre"	"NONE"	"none"	"none"
"gahom/007678.jpg"	"timel_subject"	"enfant escaladant un arbre"	"NONE"	"none"	"none"
"gahom/007679.jpg"	"timel_subject"	"enfant escaladant un arbre"	"NONE"	"none"	"none"
"gahom/000392.jpg"	"timel_subject"	"ensevelissement de Joseph"	"NONE"	"none"	"none"
"gahom/000394.jpg"	"timel_subject"	"ensevelissement de Joseph"	"NONE"	"none"	"none"
"gahom/000395.jpg"	"timel_subject"	"ensevelissement de Joseph"	"NONE"	"none"	"none"
"gahom/000396.jpg"	"timel_subject"	"ensevelissement de Joseph"	"NONE"	"none"	"none"
"gahom/007653.jpg"	"timel_subject"	"famille de cygnes"	"NONE"	"none"	"none"
"gahom/007655.jpg"	"timel_subject"	"famille de cygnes"	"NONE"	"none"	"none"
"gahom/007656.jpg"	"timel_subject"	"famille de cygnes"	"NONE"	"none"	"none"
"gahom/007657.jpg"	"timel_subject"	"famille de cygnes"	"NONE"	"none"	"none"
"gahom/013643.jpg"	"timel_subject"	"femme enceinte"	"NONE"	"none"	"none"
"gahom/013645.jpg"	"timel_subject"	"femme enceinte"	"NONE"	"none"	"none"
"gahom/013646.jpg"	"timel_subject"	"femme enceinte"	"NONE"	"none"	"none"
"gahom/013647.jpg"	"timel_subject"	"femme enceinte"	"NONE"	"none"	"none"
"gahom/000387.jpg"	"timel_subject"	"funérailles de Jacob"	"NONE"	"none"	"none"
"gahom/000389.jpg"	"timel_subject"	"funérailles de Jacob"	"NONE"	"none"	"none"
"gahom/000390.jpg"	"timel_subject"	"funérailles de Jacob"	"NONE"	"none"	"none"
"gahom/000391.jpg"	"timel_subject"	"funérailles de Jacob"	"NONE"	"none"	"none"
"gahom/013643.jpg"	"timel_subject"	"maladie des yeux"	"NONE"	"none"	"none"
"gahom/013645.jpg"	"timel_subject"	"maladie des yeux"	"NONE"	"none"	"none"
"gahom/013646.jpg"	"timel_subject"	"maladie des yeux"	"NONE"	"none"	"none"
"gahom/013647.jpg"	"timel_subject"	"maladie des yeux"	"NONE"	"none"	"none"
"gahom/000304.jpg"	"timel_subject"	"malédiction des juifs"	"NONE"	"none"	"none"
"gahom/000306.jpg"	"timel_subject"	"malédiction des juifs"	"NONE"	"none"	"none"
"gahom/000307.jpg"	"timel_subject"	"malédiction des juifs"	"NONE"	"none"	"none"
"gahom/000308.jpg"	"timel_subject"	"malédiction des juifs"	"NONE"	"none"	"none"
"gahom/000348.jpg"	"timel_subject"	"mariage d'Issac et de Rébecca"	"NONE"	"none"	"none"
"gahom/000350.jpg"	"timel_subject"	"mariage d'Issac et de Rébecca"	"NONE"	"none"	"none"
"gahom/000351.jpg"	"timel_subject"	"mariage d'Issac et de Rébecca"	"NONE"	"none"	"none"
"gahom/000352.jpg"	"timel_subject"	"mariage d'Issac et de Rébecca"	"NONE"	"none"	"none"
"gahom/008030.jpg"	"timel_subject"	"martyre de saint Jean"	"NONE"	"none"	"none"
"gahom/007574.jpg"	"timel_subject"	"martyre de saint Jean"	"NONE"	"none"	"none"
"gahom/005522.jpg"	"timel_subject"	"pélican nourissant ses petits"	"NONE"	"none"	"none"
"gahom/005524.jpg"	"timel_subject"	"pélican nourissant ses petits"	"NONE"	"none"	"none"
"gahom/001079.jpg"	"timel_subject"	"saint Jean voyant la Bête de l'Apocalypse"	"NONE"	"none"	"none"
"gahom/001081.jpg"	"timel_subject"	"saint Jean voyant la Bête de l'Apocalypse"	"NONE"	"none"	"none"
"gahom/000319.jpg"	"timel_subject"	"sainte famille"	"LOW"	"sainte Famille revenant à Nazareth"	"tm-4xyu72sf"
"gahom/000321.jpg"	"timel_subject"	"sainte famille"	"LOW"	"sainte Famille revenant à Nazareth"	"tm-4xyu72sf"
"gahom/000322.jpg"	"timel_subject"	"sainte famille"	"LOW"	"sainte Famille revenant à Nazareth"	"tm-4xyu72sf"
"gahom/000323.jpg"	"timel_subject"	"sainte famille"	"LOW"	"sainte Famille revenant à Nazareth"	"tm-4xyu72sf"
"gahom/010318.jpg"	"timel_subject"	"scribe écrivant"	"NONE"	"none"	"none"
"gahom/000319.jpg"	"timel_subject"	"scène d'homosexualité"	"NONE"	"none"	"none"
"gahom/000321.jpg"	"timel_subject"	"scène d'homosexualité"	"NONE"	"none"	"none"
"gahom/000322.jpg"	"timel_subject"	"scène d'homosexualité"	"NONE"	"none"	"none"
"gahom/000323.jpg"	"timel_subject"	"scène d'homosexualité"	"NONE"	"none"	"none"
"gahom/000314.jpg"	"timel_subject"	"scène d'érémitisme"	"NONE"	"none"	"none"
"gahom/000316.jpg"	"timel_subject"	"scène d'érémitisme"	"NONE"	"none"	"none"
"gahom/000317.jpg"	"timel_subject"	"scène d'érémitisme"	"NONE"	"none"	"none"
"gahom/000318.jpg"	"timel_subject"	"scène d'érémitisme"	"NONE"	"none"	"none"
"gahom/000314.jpg"	"timel_subject"	"scène de naufrage"	"NONE"	"none"	"none"
"gahom/000316.jpg"	"timel_subject"	"scène de naufrage"	"NONE"	"none"	"none"
"gahom/000317.jpg"	"timel_subject"	"scène de naufrage"	"NONE"	"none"	"none"
"gahom/000318.jpg"	"timel_subject"	"scène de naufrage"	"NONE"	"none"	"none"
"gahom/007670.jpg"	"timel_subject"	"taille de la vigne"	"NONE"	"none"	"none"
"gahom/007672.jpg"	"timel_subject"	"taille de la vigne"	"NONE"	"none"	"none"
"gahom/007673.jpg"	"timel_subject"	"taille de la vigne"	"NONE"	"none"	"none"
"gahom/007674.jpg"	"timel_subject"	"taille de la vigne"	"NONE"	"none"	"none"
"gahom/014303.jpg"	"timel_subject"	"texte"	"NONE"	"none"	"none"
"gahom/014312.jpg"	"timel_subject"	"texte"	"NONE"	"none"	"none"
"gahom/014314.jpg"	"timel_subject"	"texte"	"NONE"	"none"	"none"
"gahom/007645.jpg"	"timel_subject"	"tournoi de chevaliers"	"NONE"	"none"	"none"
"gahom/007647.jpg"	"timel_subject"	"tournoi de chevaliers"	"NONE"	"none"	"none"
"gahom/007648.jpg"	"timel_subject"	"tournoi de chevaliers"	"NONE"	"none"	"none"
"gahom/013540.jpg"	"timel_subject"	"écorchement de saint Barthélémy"	"NONE"	"none"	"none"
"gahom/013542.jpg"	"timel_subject"	"écorchement de saint Barthélémy"	"NONE"	"none"	"none"
"gahom/000430.jpg"	"timel_subject"	"évêque enseignant à des clercs"	"NONE"	"none"	"none"
"gahom/000432.jpg"	"timel_subject"	"évêque enseignant à des clercs"	"NONE"	"none"	"none"
"gahom/000433.jpg"	"timel_subject"	"évêque enseignant à des clercs"	"NONE"	"none"	"none"
"gahom/000434.jpg"	"timel_subject"	"évêque enseignant à des clercs"	"NONE"	"none"	"none"
"gahom/000425.jpg"	"timel_subject"	"évêque envoyant des dominicains en mission"	"NONE"	"none"	"none"
"gahom/000427.jpg"	"timel_subject"	"évêque envoyant des dominicains en mission"	"NONE"	"none"	"none"
"gahom/000428.jpg"	"timel_subject"	"évêque envoyant des dominicains en mission"	"NONE"	"none"	"none"
"gahom/000429.jpg"	"timel_subject"	"évêque envoyant des dominicains en mission"	"NONE"	"none"	"none"
"gahom/002469.jpg"	"timel_subject"	"Christ enseignant aux juifs"	"NONE"	"none"	"none"
"gahom/002471.jpg"	"timel_subject"	"Christ enseignant aux juifs"	"NONE"	"none"	"none"
"gahom/005486.jpg"	"timel_subject"	"Jérusalerm céleste"	"NONE"	"none"	"none"
"gahom/005488.jpg"	"timel_subject"	"Jérusalerm céleste"	"NONE"	"none"	"none"
"gahom/005489.jpg"	"timel_subject"	"Jérusalerm céleste"	"NONE"	"none"	"none"
"gahom/007666.jpg"	"timel_subject"	"Tir à l'arc"	"NONE"	"none"	"none"
"gahom/007668.jpg"	"timel_subject"	"Tir à l'arc"	"NONE"	"none"	"none"
"gahom/007669.jpg"	"timel_subject"	"Tir à l'arc"	"NONE"	"none"	"none"
"gahom/007641.jpg"	"timel_subject"	"Voyage"	"LOW"	"voyage de Tobie et de l'archange Raphaël"	"tm-lf46n4ng"
"gahom/007643.jpg"	"timel_subject"	"Voyage"	"LOW"	"voyage de Tobie et de l'archange Raphaël"	"tm-lf46n4ng"
"gahom/007644.jpg"	"timel_subject"	"Voyage"	"LOW"	"voyage de Tobie et de l'archange Raphaël"	"tm-lf46n4ng"
"gahom/007690.jpg"	"timel_subject"	"ascension de sainte Madeleine"	"NONE"	"none"	"none"
"gahom/007692.jpg"	"timel_subject"	"ascension de sainte Madeleine"	"NONE"	"none"	"none"
"gahom/007693.jpg"	"timel_subject"	"ascension de sainte Madeleine"	"NONE"	"none"	"none"
"gahom/004350.jpg"	"timel_subject"	"combat entre un monstre et un soldat"	"NONE"	"none"	"none"
"gahom/004352.jpg"	"timel_subject"	"combat entre un monstre et un soldat"	"NONE"	"none"	"none"
"gahom/004353.jpg"	"timel_subject"	"combat entre un monstre et un soldat"	"NONE"	"none"	"none"
"gahom/007645.jpg"	"timel_subject"	"cour ducale"	"NONE"	"none"	"none"
"gahom/007647.jpg"	"timel_subject"	"cour ducale"	"NONE"	"none"	"none"
"gahom/007648.jpg"	"timel_subject"	"cour ducale"	"NONE"	"none"	"none"
"gahom/007637.jpg"	"timel_subject"	"cueillette de fruits"	"NONE"	"none"	"none"
"gahom/007639.jpg"	"timel_subject"	"cueillette de fruits"	"NONE"	"none"	"none"
"gahom/007640.jpg"	"timel_subject"	"cueillette de fruits"	"NONE"	"none"	"none"
"gahom/007649.jpg"	"timel_subject"	"cueillette des bleuets"	"NONE"	"none"	"none"
"gahom/007651.jpg"	"timel_subject"	"cueillette des bleuets"	"NONE"	"none"	"none"
"gahom/007652.jpg"	"timel_subject"	"cueillette des bleuets"	"NONE"	"none"	"none"
"gahom/007621.jpg"	"timel_subject"	"dispersion des apôtres après la Pentecôte"	"NONE"	"none"	"none"
"gahom/007623.jpg"	"timel_subject"	"dispersion des apôtres après la Pentecôte"	"NONE"	"none"	"none"
"gahom/007624.jpg"	"timel_subject"	"dispersion des apôtres après la Pentecôte"	"NONE"	"none"	"none"
"gahom/007696.jpg"	"timel_subject"	"femme à la quenouille"	"NONE"	"none"	"none"
"gahom/007698.jpg"	"timel_subject"	"femme à la quenouille"	"NONE"	"none"	"none"
"gahom/007699.jpg"	"timel_subject"	"femme à la quenouille"	"NONE"	"none"	"none"
"gahom/011909.jpg"	"timel_subject"	"femmes nobles apportant des simples"	"NONE"	"none"	"none"
"gahom/011911.jpg"	"timel_subject"	"femmes nobles apportant des simples"	"NONE"	"none"	"none"
"gahom/011912.jpg"	"timel_subject"	"femmes nobles apportant des simples"	"NONE"	"none"	"none"
"gahom/007603.jpg"	"timel_subject"	"homme cueillant l'alphabet"	"NONE"	"none"	"none"
"gahom/007605.jpg"	"timel_subject"	"homme cueillant l'alphabet"	"NONE"	"none"	"none"
"gahom/007606.jpg"	"timel_subject"	"homme cueillant l'alphabet"	"NONE"	"none"	"none"
"gahom/007696.jpg"	"timel_subject"	"hommes portant le blason de Marguerite d'Orléans"	"NONE"	"none"	"none"
"gahom/007698.jpg"	"timel_subject"	"hommes portant le blason de Marguerite d'Orléans"	"NONE"	"none"	"none"
"gahom/007699.jpg"	"timel_subject"	"hommes portant le blason de Marguerite d'Orléans"	"NONE"	"none"	"none"
"gahom/007705.jpg"	"timel_subject"	"index alphabétique"	"NONE"	"none"	"none"
"gahom/007707.jpg"	"timel_subject"	"index alphabétique"	"NONE"	"none"	"none"
"gahom/007708.jpg"	"timel_subject"	"index alphabétique"	"NONE"	"none"	"none"
"gahom/014767.jpg"	"timel_subject"	"l'ange et l'ermite"	"NONE"	"none"	"none"
"gahom/014769.jpg"	"timel_subject"	"l'ange et l'ermite"	"NONE"	"none"	"none"
"gahom/011909.jpg"	"timel_subject"	"marges"	"NONE"	"none"	"none"
"gahom/011911.jpg"	"timel_subject"	"marges"	"NONE"	"none"	"none"
"gahom/011912.jpg"	"timel_subject"	"marges"	"NONE"	"none"	"none"
"gahom/010225.jpg"	"timel_subject"	"miracle des trois jeunes filles sauvées de la prostitution par Nicolas et résurrection des trois enfants"	"NONE"	"none"	"none"
"gahom/010227.jpg"	"timel_subject"	"miracle des trois jeunes filles sauvées de la prostitution par Nicolas et résurrection des trois enfants"	"NONE"	"none"	"none"
"gahom/010228.jpg"	"timel_subject"	"miracle des trois jeunes filles sauvées de la prostitution par Nicolas et résurrection des trois enfants"	"NONE"	"none"	"none"
"gahom/007595.jpg"	"timel_subject"	"miracle du champ de blé"	"NONE"	"none"	"none"
"gahom/007597.jpg"	"timel_subject"	"miracle du champ de blé"	"NONE"	"none"	"none"
"gahom/007598.jpg"	"timel_subject"	"miracle du champ de blé"	"NONE"	"none"	"none"
"gahom/013973.jpg"	"timel_subject"	"mois de mars : taille de la vigne"	"NONE"	"none"	"none"
"gahom/007690.jpg"	"timel_subject"	"navigation et commerce"	"NONE"	"none"	"none"
"gahom/007692.jpg"	"timel_subject"	"navigation et commerce"	"NONE"	"none"	"none"
"gahom/007693.jpg"	"timel_subject"	"navigation et commerce"	"NONE"	"none"	"none"
"gahom/007666.jpg"	"timel_subject"	"pape et cardinaux à cheval"	"NONE"	"none"	"none"
"gahom/007668.jpg"	"timel_subject"	"pape et cardinaux à cheval"	"NONE"	"none"	"none"
"gahom/007669.jpg"	"timel_subject"	"pape et cardinaux à cheval"	"NONE"	"none"	"none"
"gahom/004350.jpg"	"timel_subject"	"psaume 98 : chant lliturgique"	"LOW"	"psaume 98 : chant liturgique"	"tm-zbpxjvww"
"gahom/004352.jpg"	"timel_subject"	"psaume 98 : chant lliturgique"	"LOW"	"psaume 98 : chant liturgique"	"tm-zbpxjvww"
"gahom/004353.jpg"	"timel_subject"	"psaume 98 : chant lliturgique"	"LOW"	"psaume 98 : chant liturgique"	"tm-zbpxjvww"
"gahom/001052.jpg"	"timel_subject"	"saint Jean voyant le cavalier de l'Apocalypse"	"NONE"	"none"	"none"
"gahom/001054.jpg"	"timel_subject"	"saint Jean voyant le cavalier de l'Apocalypse"	"NONE"	"none"	"none"
"gahom/007686.jpg"	"timel_subject"	"saint Nicolas ressuscitant trois enfants"	"NONE"	"none"	"none"
"gahom/007688.jpg"	"timel_subject"	"saint Nicolas ressuscitant trois enfants"	"NONE"	"none"	"none"
"gahom/005486.jpg"	"timel_subject"	"sainte Hildegarde de Bingen voyant la Jérusalem céleste?"	"NONE"	"none"	"none"
"gahom/005488.jpg"	"timel_subject"	"sainte Hildegarde de Bingen voyant la Jérusalem céleste?"	"NONE"	"none"	"none"
"gahom/005489.jpg"	"timel_subject"	"sainte Hildegarde de Bingen voyant la Jérusalem céleste?"	"NONE"	"none"	"none"
"gahom/007696.jpg"	"timel_subject"	"sainte Marguerite en prière"	"NONE"	"none"	"none"
"gahom/007698.jpg"	"timel_subject"	"sainte Marguerite en prière"	"NONE"	"none"	"none"
"gahom/007699.jpg"	"timel_subject"	"sainte Marguerite en prière"	"NONE"	"none"	"none"
"gahom/014350.jpg"	"timel_subject"	"schéma d'astronomie"	"NONE"	"none"	"none"
"gahom/001062.jpg"	"timel_subject"	"sixième trompette de l\'Apocalypse : anges déliés et cavaliers exterminant les hommes"	"LOW"	"sixième trompette de l'Apocalypse : anges déliés et cavaliers exterminant les hommes"	"tm-v52civvy"
"gahom/001064.jpg"	"timel_subject"	"sixième trompette de l\'Apocalypse : anges déliés et cavaliers exterminant les hommes"	"LOW"	"sixième trompette de l'Apocalypse : anges déliés et cavaliers exterminant les hommes"	"tm-v52civvy"
"gahom/001065.jpg"	"timel_subject"	"sixième trompette de l\'Apocalypse : anges déliés et cavaliers exterminant les hommes"	"LOW"	"sixième trompette de l'Apocalypse : anges déliés et cavaliers exterminant les hommes"	"tm-v52civvy"
"gahom/004346.jpg"	"timel_subject"	"soldat jetant son épée et son bouclier"	"NONE"	"none"	"none"
"gahom/004348.jpg"	"timel_subject"	"soldat jetant son épée et son bouclier"	"NONE"	"none"	"none"
"gahom/004349.jpg"	"timel_subject"	"soldat jetant son épée et son bouclier"	"NONE"	"none"	"none"
"gahom/007690.jpg"	"timel_subject"	"voyage de sainte Madeleine"	"NONE"	"none"	"none"
"gahom/007692.jpg"	"timel_subject"	"voyage de sainte Madeleine"	"NONE"	"none"	"none"
"gahom/007693.jpg"	"timel_subject"	"voyage de sainte Madeleine"	"NONE"	"none"	"none"
"gahom/010235.jpg"	"timel_subject"	"Bernard enseignant"	"NONE"	"none"	"none"
"gahom/010237.jpg"	"timel_subject"	"Bernard enseignant"	"NONE"	"none"	"none"
"gahom/002407.jpg"	"timel_subject"	"Christ caché au monde"	"NONE"	"none"	"none"
"gahom/002409.jpg"	"timel_subject"	"Christ caché au monde"	"NONE"	"none"	"none"
"gahom/013224.jpg"	"timel_subject"	"Christ en majesté et tétramorphe"	"NONE"	"none"	"none"
"gahom/013226.jpg"	"timel_subject"	"Christ en majesté et tétramorphe"	"NONE"	"none"	"none"
"gahom/002469.jpg"	"timel_subject"	"Christ enseignant à des clercs"	"NONE"	"none"	"none"
"gahom/002471.jpg"	"timel_subject"	"Christ enseignant à des clercs"	"NONE"	"none"	"none"
"gahom/013582.jpg"	"timel_subject"	"Christ recevant un message des soeurs de Lazare"	"NONE"	"none"	"none"
"gahom/013584.jpg"	"timel_subject"	"Christ recevant un message des soeurs de Lazare"	"NONE"	"none"	"none"
"gahom/002407.jpg"	"timel_subject"	"Christ révélé au monde"	"NONE"	"none"	"none"
"gahom/002409.jpg"	"timel_subject"	"Christ révélé au monde"	"NONE"	"none"	"none"
"gahom/000638.jpg"	"timel_subject"	"Christ soignant un malade"	"NONE"	"none"	"none"
"gahom/000640.jpg"	"timel_subject"	"Christ soignant un malade"	"NONE"	"none"	"none"
"gahom/004354.jpg"	"timel_subject"	"David en prière devant le Christ"	"NONE"	"none"	"none"
"gahom/004356.jpg"	"timel_subject"	"David en prière devant le Christ"	"NONE"	"none"	"none"
"gahom/007616.jpg"	"timel_subject"	"Glandée"	"LOW"	"glandée (agriculture, artisanat et commerce, vie quotidienne, calendrier)"	"tm-6pdnxqjm"
"gahom/007618.jpg"	"timel_subject"	"Glandée"	"LOW"	"glandée (agriculture, artisanat et commerce, vie quotidienne, calendrier)"	"tm-6pdnxqjm"
"gahom/007580.jpg"	"timel_subject"	"Marguerite d'Orléans"	"NONE"	"none"	"none"
"gahom/007582.jpg"	"timel_subject"	"Marguerite d'Orléans"	"NONE"	"none"	"none"
"gahom/007580.jpg"	"timel_subject"	"Marguerite d'Orléans en prière deant la Vierge à l'enfant"	"NONE"	"none"	"none"
"gahom/007582.jpg"	"timel_subject"	"Marguerite d'Orléans en prière deant la Vierge à l'enfant"	"NONE"	"none"	"none"
"gahom/005493.jpg"	"timel_subject"	"Sainte Hildegarde de Bingen voyant la Jérusalem céleste"	"NONE"	"none"	"none"
"gahom/005613.jpg"	"timel_subject"	"Salomon ordonnant de couper un arbre"	"NONE"	"none"	"none"
"gahom/006701.jpg"	"timel_subject"	"Vierge priant"	"NONE"	"none"	"none"
"gahom/006703.jpg"	"timel_subject"	"Vierge priant"	"NONE"	"none"	"none"
"gahom/001076.jpg"	"timel_subject"	"apparition d'un ange"	"LOW"	"apparition d'un ange à saint Jean"	"tm-xodvv4cc"
"gahom/004005.jpg"	"timel_subject"	"apparition du Christ à saint Grégoire pendant la messe"	"NONE"	"none"	"none"
"gahom/004027.jpg"	"timel_subject"	"apparition du Christ à saint Grégoire pendant la messe"	"NONE"	"none"	"none"
"gahom/014021.jpg"	"timel_subject"	"arts libéraux"	"NONE"	"none"	"none"
"gahom/004005.jpg"	"timel_subject"	"assemblée de saints"	"NONE"	"none"	"none"
"gahom/004027.jpg"	"timel_subject"	"assemblée de saints"	"NONE"	"none"	"none"
"gahom/007592.jpg"	"timel_subject"	"chasse aux faucons"	"NONE"	"none"	"none"
"gahom/007594.jpg"	"timel_subject"	"chasse aux faucons"	"NONE"	"none"	"none"
"gahom/004332.jpg"	"timel_subject"	"chevalier tuant une licorne"	"NONE"	"none"	"none"
"gahom/004334.jpg"	"timel_subject"	"chevalier tuant une licorne"	"NONE"	"none"	"none"
"gahom/007629.jpg"	"timel_subject"	"combat d'ours"	"NONE"	"none"	"none"
"gahom/007631.jpg"	"timel_subject"	"combat d'ours"	"NONE"	"none"	"none"
"gahom/013540.jpg"	"timel_subject"	"combat de sainte Marguerite"	"NONE"	"none"	"none"
"gahom/013542.jpg"	"timel_subject"	"combat de sainte Marguerite"	"NONE"	"none"	"none"
"gahom/007600.jpg"	"timel_subject"	"combat entre des chevaliers"	"NONE"	"none"	"none"
"gahom/007602.jpg"	"timel_subject"	"combat entre des chevaliers"	"NONE"	"none"	"none"
"gahom/010212.jpg"	"timel_subject"	"conversion de saint Paul"	"NONE"	"none"	"none"
"gahom/010235.jpg"	"timel_subject"	"empereur ordonnant le martyre de sainte Catherine d'Alexandrie"	"NONE"	"none"	"none"
"gahom/010237.jpg"	"timel_subject"	"empereur ordonnant le martyre de sainte Catherine d'Alexandrie"	"NONE"	"none"	"none"
"gahom/007600.jpg"	"timel_subject"	"fable du renard qui dévore une poule et une oie qu'une paysanne a gavée (en marge)"	"NONE"	"none"	"none"
"gahom/007602.jpg"	"timel_subject"	"fable du renard qui dévore une poule et une oie qu'une paysanne a gavée (en marge)"	"NONE"	"none"	"none"
"gahom/007629.jpg"	"timel_subject"	"femme sauvage"	"NONE"	"none"	"none"
"gahom/007631.jpg"	"timel_subject"	"femme sauvage"	"NONE"	"none"	"none"
"gahom/007580.jpg"	"timel_subject"	"femmes en amazone"	"NONE"	"none"	"none"
"gahom/007582.jpg"	"timel_subject"	"femmes en amazone"	"NONE"	"none"	"none"
"gahom/007686.jpg"	"timel_subject"	"fleurs et papillons"	"NONE"	"none"	"none"
"gahom/007688.jpg"	"timel_subject"	"fleurs et papillons"	"NONE"	"none"	"none"
"gahom/000455.jpg"	"timel_subject"	"homme en captivité"	"NONE"	"none"	"none"
"gahom/007616.jpg"	"timel_subject"	"homme portant un sac"	"NONE"	"none"	"none"
"gahom/007618.jpg"	"timel_subject"	"homme portant un sac"	"NONE"	"none"	"none"
"gahom/014767.jpg"	"timel_subject"	"l'ange et l'armite"	"NONE"	"none"	"none"
"gahom/014769.jpg"	"timel_subject"	"l'ange et l'armite"	"NONE"	"none"	"none"
"gahom/000089.jpg"	"timel_subject"	"lion ressuscitant son petit avec son souffle"	"NONE"	"none"	"none"
"gahom/000091.jpg"	"timel_subject"	"lion ressuscitant son petit avec son souffle"	"NONE"	"none"	"none"
"gahom/013537.jpg"	"timel_subject"	"martyres de saint Jean, saint Jacques et saint Philippe"	"NONE"	"none"	"none"
"gahom/013539.jpg"	"timel_subject"	"martyres de saint Jean, saint Jacques et saint Philippe"	"NONE"	"none"	"none"
"gahom/010865.jpg"	"timel_subject"	"miracle de Théophile"	"NONE"	"none"	"none"
"gahom/000216.jpg"	"timel_subject"	"moine offrant son livre à Dieu"	"NONE"	"none"	"none"
"gahom/000218.jpg"	"timel_subject"	"moine offrant son livre à Dieu"	"NONE"	"none"	"none"
"gahom/008027.jpg"	"timel_subject"	"mois de mai : jumeaux"	"NONE"	"none"	"none"
"gahom/008029.jpg"	"timel_subject"	"mois de mai : jumeaux"	"NONE"	"none"	"none"
"gahom/013613.jpg"	"timel_subject"	"moniale en prière"	"NONE"	"none"	"none"
"gahom/013615.jpg"	"timel_subject"	"moniale en prière"	"NONE"	"none"	"none"
"gahom/005522.jpg"	"timel_subject"	"monstres combattant"	"NONE"	"none"	"none"
"gahom/005524.jpg"	"timel_subject"	"monstres combattant"	"NONE"	"none"	"none"
"gahom/005620.jpg"	"timel_subject"	"pressoir mystique"	"NONE"	"none"	"none"
"gahom/013573.jpg"	"timel_subject"	"repas du Christ chez le pharisien et le publicain"	"NONE"	"none"	"none"
"gahom/013575.jpg"	"timel_subject"	"repas du Christ chez le pharisien et le publicain"	"NONE"	"none"	"none"
"gahom/007327.jpg"	"timel_subject"	"saint Dominique partant prier"	"NONE"	"none"	"none"
"gahom/013613.jpg"	"timel_subject"	"saint Grégoire pape"	"NONE"	"none"	"none"
"gahom/013615.jpg"	"timel_subject"	"saint Grégoire pape"	"NONE"	"none"	"none"
"gahom/001047.jpg"	"timel_subject"	"saint Jean comparaissant devant Domitien"	"NONE"	"none"	"none"
"gahom/013613.jpg"	"timel_subject"	"saint Pierre écrivant"	"NONE"	"none"	"none"
"gahom/013615.jpg"	"timel_subject"	"saint Pierre écrivant"	"NONE"	"none"	"none"
"gahom/003996.jpg"	"timel_subject"	"sainte Anne enseignant à la Vierge"	"NONE"	"none"	"none"
"gahom/004002.jpg"	"timel_subject"	"sainte Anne enseignant à la Vierge"	"NONE"	"none"	"none"
"gahom/002463.jpg"	"timel_subject"	"sauvegarde d'un couple"	"NONE"	"none"	"none"
"gahom/002465.jpg"	"timel_subject"	"sauvegarde d'un couple"	"NONE"	"none"	"none"
"gahom/002463.jpg"	"timel_subject"	"scène de philosphie"	"NONE"	"none"	"none"
"gahom/002465.jpg"	"timel_subject"	"scène de philosphie"	"NONE"	"none"	"none"
"gahom/002463.jpg"	"timel_subject"	"scène de viol : crime de Gibéa"	"NONE"	"none"	"none"
"gahom/002465.jpg"	"timel_subject"	"scène de viol : crime de Gibéa"	"NONE"	"none"	"none"
"gahom/001089.jpg"	"timel_subject"	"sept coupes de l'Apoocalypse : fléaux"	"LOW"	"sept coupes de l'Apocalypse : fléaux"	"tm-ytphytj3"
"gahom/010285.jpg"	"timel_subject"	"singe cueillant des fleurs"	"NONE"	"none"	"none"
"gahom/010287.jpg"	"timel_subject"	"singe cueillant des fleurs"	"NONE"	"none"	"none"
"gahom/010699.jpg"	"timel_subject"	"siège d'Aquilée par les Huns"	"NONE"	"none"	"none"
"gahom/013543.jpg"	"timel_subject"	"translation de la croix"	"NONE"	"none"	"none"
"gahom/013545.jpg"	"timel_subject"	"translation de la croix"	"NONE"	"none"	"none"
"gahom/007914.jpg"	"timel_subject"	"vision de saint Aubert, évêque d'Avranches : saint Michel lui demande de faire construire un sanctuaire sur le mont Tombe"	"NONE"	"none"	"none"
"gahom/007916.jpg"	"timel_subject"	"vision de saint Aubert, évêque d'Avranches : saint Michel lui demande de faire construire un sanctuaire sur le mont Tombe"	"NONE"	"none"	"none"
"gahom/000330.jpg"	"timel_subject"	"Abraham libérant Lot"	"NONE"	"none"	"none"
"gahom/000333.jpg"	"timel_subject"	"Abraham renvoyant Sara et Agar"	"NONE"	"none"	"none"
"gahom/009370.jpg"	"timel_subject"	"Albumasar en majesté"	"NONE"	"none"	"none"
"gahom/010704.jpg"	"timel_subject"	"Arpad, roi de Hongrie, goûte l'eau du Danube"	"NONE"	"none"	"none"
"gahom/005579.jpg"	"timel_subject"	"Catherine de Clèves faisant la charité"	"NONE"	"none"	"none"
"gahom/014350.jpg"	"timel_subject"	"Christ trônant sur l'univers"	"NONE"	"none"	"none"
"gahom/013587.jpg"	"timel_subject"	"David et quatre musiciens"	"LOW"	"psaume 1 : David et quatre musiciens"	"tm-46vpxk7j"
"gahom/008292.jpg"	"timel_subject"	"De sacrosantis eclesiis et earundem ministris"	"NONE"	"none"	"none"
"gahom/005551.jpg"	"timel_subject"	"Dieu bénissant le Christ"	"NONE"	"none"	"none"
"gahom/005553.jpg"	"timel_subject"	"Dieu envoyant son Fils sauver les péchés du monde"	"NONE"	"none"	"none"
"gahom/000455.jpg"	"timel_subject"	"Dieu indiquant les interdits"	"NONE"	"none"	"none"
"gahom/005333.jpg"	"timel_subject"	"Harold et ses chevaliers chevauchant vers l'église de Bosham"	"NONE"	"none"	"none"
"gahom/010841.jpg"	"timel_subject"	"Jason débarquant, tuant les taureaux et s'mparant de la toison d'or"	"NONE"	"none"	"none"
"gahom/005596.jpg"	"timel_subject"	"Moïse et saint Jean en adoration devant l'eucharistie"	"NONE"	"none"	"none"
"gahom/013585.jpg"	"timel_subject"	"Nabuchodonosor faisant prisonnier Joiakin"	"NONE"	"none"	"none"
"gahom/005575.jpg"	"timel_subject"	"Phénix renaissant de ses cendres"	"NONE"	"none"	"none"
"gahom/010289.jpg"	"timel_subject"	"Saint Erasme écrasant un lion?"	"NONE"	"none"	"none"
"gahom/010865.jpg"	"timel_subject"	"Théophile prend conseil auprès d'un juif"	"NONE"	"none"	"none"
"gahom/010865.jpg"	"timel_subject"	"Théophile présenté par le juif pactise avec Satan"	"NONE"	"none"	"none"
"gahom/010865.jpg"	"timel_subject"	"Théophile raconte le miracle à"	"NONE"	"none"	"none"
"gahom/010865.jpg"	"timel_subject"	"Théophile raconte le miracle à l'évêque en lui remettant le pacte"	"NONE"	"none"	"none"
"gahom/000126.jpg"	"timel_subject"	"Tobie en prison"	"NONE"	"none"	"none"
"gahom/005549.jpg"	"timel_subject"	"Trinité en majesté"	"NONE"	"none"	"none"
"gahom/013597.jpg"	"timel_subject"	"Zambri parlant à l'oreille du taureau pour le tuer"	"NONE"	"none"	"none"
"gahom/000330.jpg"	"timel_subject"	"allégorie des vertus écrasant les vices"	"NONE"	"none"	"none"
"gahom/005607.jpg"	"timel_subject"	"ange donnant à Seth un rameau de l'arbre de la connaissance"	"NONE"	"none"	"none"
"gahom/005567.jpg"	"timel_subject"	"ange libérant des âmes de la gueule des enfers"	"NONE"	"none"	"none"
"gahom/006166.jpg"	"timel_subject"	"apparition du Christ à siante Madeleine"	"NONE"	"none"	"none"
"gahom/008044.jpg"	"timel_subject"	"apôtres baptisant après la Pentecôte"	"NONE"	"none"	"none"
"gahom/002445.jpg"	"timel_subject"	"apôtres et Christ en prière"	"NONE"	"none"	"none"
"gahom/010845.jpg"	"timel_subject"	"arrivée de Jason et d'Hercule à Troie"	"NONE"	"none"	"none"
"gahom/010704.jpg"	"timel_subject"	"arrivée des Hongrois en Pannonie"	"NONE"	"none"	"none"
"gahom/008092.jpg"	"timel_subject"	"bain de Bathsabée"	"NONE"	"none"	"none"
"gahom/005517.jpg"	"timel_subject"	"barattage"	"NONE"	"none"	"none"
"gahom/010986.jpg"	"timel_subject"	"celui-ci essaie de les réconcilier en vain mais les époux et toute la villeXXXX"	"NONE"	"none"	"none"
"gahom/000455.jpg"	"timel_subject"	"châtiment du blasphémateur"	"NONE"	"none"	"none"
"gahom/005546.jpg"	"timel_subject"	"chèvre mangeant du raisin"	"NONE"	"none"	"none"
"gahom/000455.jpg"	"timel_subject"	"clerc confessant un fidèle"	"NONE"	"none"	"none"
"gahom/014315.jpg"	"timel_subject"	"colosse de Néron à Rome"	"NONE"	"none"	"none"
"gahom/005530.jpg"	"timel_subject"	"combat de coqs"	"NONE"	"none"	"none"
"gahom/010865.jpg"	"timel_subject"	"comment l'évêque montre le pacte aux fidèles"	"NONE"	"none"	"none"
"gahom/010997.jpg"	"timel_subject"	"comment la Vierge libéra du démon un enfant promis à lui par sa mère, par haine de son mari, parce que conçu le jour de Pâques (en dépit d'une promesse de chasteté des deux époux)"	"NONE"	"none"	"none"
"gahom/005611.jpg"	"timel_subject"	"crâne d'Adam sur le Golgotha"	"NONE"	"none"	"none"
"gahom/000551.jpg"	"timel_subject"	"damnation d'un évêque"	"NONE"	"none"	"none"
"gahom/004693.jpg"	"timel_subject"	"deux reines des amazones en majesté"	"NONE"	"none"	"none"
"gahom/007990.jpg"	"timel_subject"	"dit des trois morts et des trois vifs"	"NONE"	"none"	"none"
"gahom/010704.jpg"	"timel_subject"	"en échange de cette terre, son messager offre un cheval harnaché d'or au roi de Moravie Svatopluk"	"NONE"	"none"	"none"
"gahom/013362.jpg"	"timel_subject"	"fable du rat des villes et du rat des champs"	"NONE"	"none"	"none"
"gahom/005616.jpg"	"timel_subject"	"femme filant de la laine"	"NONE"	"none"	"none"
"gahom/005551.jpg"	"timel_subject"	"femme égorgeant un oiseau"	"NONE"	"none"	"none"
"gahom/011496.jpg"	"timel_subject"	"homme et femme jouant aux dames"	"NONE"	"none"	"none"
"gahom/005613.jpg"	"timel_subject"	"homme faisant cuire un agneau"	"NONE"	"none"	"none"
"gahom/005618.jpg"	"timel_subject"	"homme portant un malade"	"NONE"	"none"	"none"
"gahom/005594.jpg"	"timel_subject"	"homme portant un sac de grain"	"NONE"	"none"	"none"
"gahom/005559.jpg"	"timel_subject"	"homme rangeant son trésor dans un coffre"	"NONE"	"none"	"none"
"gahom/005579.jpg"	"timel_subject"	"homme rendant visite au Christ en captivité"	"NONE"	"none"	"none"
"gahom/005567.jpg"	"timel_subject"	"hommes jouant avec des oiseaux"	"NONE"	"none"	"none"
"gahom/005555.jpg"	"timel_subject"	"hommes portant une grappe de raisin"	"NONE"	"none"	"none"
"gahom/010429.jpg"	"timel_subject"	"hommes récoltant les oeufs de cinomolgue"	"NONE"	"none"	"none"
"gahom/013362.jpg"	"timel_subject"	"l'aigle et le renard"	"NONE"	"none"	"none"
"gahom/010865.jpg"	"timel_subject"	"la Vierge ordonne à Satan de resrestituer le pacte"	"NONE"	"none"	"none"
"gahom/010865.jpg"	"timel_subject"	"la Vierge ordonne à Satan de restituer le pacte"	"NONE"	"none"	"none"
"gahom/010865.jpg"	"timel_subject"	"la Vierge restitue à Théophile endormi son pacte"	"NONE"	"none"	"none"
"gahom/015231.JPG"	"timel_subject"	"la mère de l'Antéchrist confiant ses tourments à la demoiselle"	"NONE"	"none"	"none"
"gahom/013360.jpg"	"timel_subject"	"le loup et la grue"	"NONE"	"none"	"none"
"gahom/013591.jpg"	"timel_subject"	"les trois jeunes gens dans la fournaise"	"NONE"	"none"	"none"
"gahom/011915.jpg"	"timel_subject"	"liste des médicaments simples commençant par C"	"NONE"	"none"	"none"
"gahom/006286.jpg"	"timel_subject"	"moine en prière devant un évêque"	"NONE"	"none"	"none"
"gahom/013981.jpg"	"timel_subject"	"mois de juillet : moisson"	"NONE"	"none"	"none"
"gahom/013979.jpg"	"timel_subject"	"mois de juin : fenaison"	"NONE"	"none"	"none"
"gahom/005559.jpg"	"timel_subject"	"mort d'un homme"	"NONE"	"none"	"none"
"gahom/005528.jpg"	"timel_subject"	"musicien jouant de la cymbale"	"NONE"	"none"	"none"
"gahom/005549.jpg"	"timel_subject"	"oiseaux en cage"	"NONE"	"none"	"none"
"gahom/005609.jpg"	"timel_subject"	"paysanne trayant une vache"	"NONE"	"none"	"none"
"gahom/010920.jpg"	"timel_subject"	"pélerins se perdent et sont guidés par la Vierge"	"NONE"	"none"	"none"
"gahom/000623.jpg"	"timel_subject"	"rencontre du Christ et de Satan"	"NONE"	"none"	"none"
"gahom/006290.jpg"	"timel_subject"	"rencontre entre David et Nathan"	"NONE"	"none"	"none"
"gahom/002519.jpg"	"timel_subject"	"repas d'Elisée chez la sunamite"	"NONE"	"none"	"none"
"gahom/011904.jpg"	"timel_subject"	"régime à suivre pour ne pas être malade en mer"	"NONE"	"none"	"none"
"gahom/005602.jpg"	"timel_subject"	"sacrifice d'Isaïe"	"NONE"	"none"	"none"
"gahom/005575.jpg"	"timel_subject"	"sagesse de Salomon"	"NONE"	"none"	"none"
"gahom/013593.jpg"	"timel_subject"	"saint Ambroise de Milan baptisant saint Augustin d'Hippone"	"NONE"	"none"	"none"
"gahom/006166.jpg"	"timel_subject"	"saint Aubin assistant à un mariage"	"NONE"	"none"	"none"
"gahom/006166.jpg"	"timel_subject"	"saint Aubin combattant l'inceste"	"NONE"	"none"	"none"
"gahom/010289.jpg"	"timel_subject"	"saint Erasme écrasant un lion"	"NONE"	"none"	"none"
"gahom/001045.jpg"	"timel_subject"	"saint Jean baptisant Drusiana"	"NONE"	"none"	"none"
"gahom/005513.jpg"	"timel_subject"	"saint Jean-Baptiste et Jésus enfants jouant"	"NONE"	"none"	"none"
"gahom/013595.jpg"	"timel_subject"	"saint Jean-Baptiste et la Vierge en prière devant le Christ de l'Apocalypse"	"NONE"	"none"	"none"
"gahom/005539.jpg"	"timel_subject"	"saint Joseph d'Arimathie demandant à Hérode Antipas l'autorisation d'enterrer le Christ"	"NONE"	"none"	"none"
"gahom/007994.jpg"	"timel_subject"	"saint Luc peignant le portrait de la Vierge"	"NONE"	"none"	"none"
"gahom/003990.jpg"	"timel_subject"	"saint Paul et saint Pierre"	"NONE"	"none"	"none"
"gahom/010267.jpg"	"timel_subject"	"saint Pierre bénissant sainte Pétronille"	"NONE"	"none"	"none"
"gahom/005526.jpg"	"timel_subject"	"saint Pierre en pénitence"	"NONE"	"none"	"none"
"gahom/013597.jpg"	"timel_subject"	"saint Sylvestre parlant avec les pharisiens"	"NONE"	"none"	"none"
"gahom/008068.jpg"	"timel_subject"	"sainte Catherine d'Alexandrie"	"HIGH"	"sainte Catherine"	"tm-f6mxc76f"
"gahom/007694.jpg"	"timel_subject"	"sainte Catherine et la roue"	"NONE"	"none"	"none"
"gahom/005474.jpg"	"timel_subject"	"sainte Hildegarde de Bingen voyant la Trinité écrasant l'Antéchrist"	"NONE"	"none"	"none"
"gahom/005479.jpg"	"timel_subject"	"sainte Hildegarde de Bingen voyant une figure humaine dénudée"	"NONE"	"none"	"none"
"gahom/005535.jpg"	"timel_subject"	"sainte Véronique montrant l'image du Christ"	"NONE"	"none"	"none"
"gahom/010452.jpg"	"timel_subject"	"salamandres plongeant dans un puit, mangeant des fruits, combattant le feu et homme emposonné par elles"	"NONE"	"none"	"none"
"gahom/005553.jpg"	"timel_subject"	"scène de pêche"	"NONE"	"none"	"none"
"gahom/010267.jpg"	"timel_subject"	"singe mangeant du pain"	"NONE"	"none"	"none"
"gahom/004693.jpg"	"timel_subject"	"soldats comparaissant devant une amazone"	"NONE"	"none"	"none"
"gahom/010986.jpg"	"timel_subject"	"son mari ne pouvant la posséder la mutile et elle s'en plaint à l'évêque"	"NONE"	"none"	"none"
"gahom/000551.jpg"	"timel_subject"	"suicide d'un évêque"	"NONE"	"none"	"none"
"gahom/007694.jpg"	"timel_subject"	"supplice de la roue"	"NONE"	"none"	"none"
"gahom/014391.jpg"	"timel_subject"	"triomphe d'Alexandre le Grand"	"NONE"	"none"	"none"
"gahom/010975.jpg"	"timel_subject"	"un comte allemand nommé Abran se retire dans un ermitage où il est capturé par des maures qui le conduisent sur leur bâteau mais ne peuvent quitter la côte. Il refuse leur don à l'exception d'un pichet et les maures le reconduisent à son ermitage etXXXXXXX"	"NONE"	"none"	"none"
"gahom/011053.jpg"	"timel_subject"	"un sultan projette d'envahir la ville de Tortosa sans défense mais lève le siège et fait un don à la Vierge après que celle-ci a envoyé l'armée céleste"	"NONE"	"none"	"none"
"gahom/010986.jpg"	"timel_subject"	"une jeune fille refuse de sa marier parce qu'elle s'est vouée à la Vierge mais on la marie de force"	"NONE"	"none"	"none"
"gahom/005491.jpg"	"timel_subject"	"évêque voyant la Trinité"	"NONE"	"none"	"none"
"gahom/011863.jpg"	"timel_thema"	"allégorie"	"LOW"	"allegories"	"tm-99lvjrdw"
"gahom/011865.jpg"	"timel_thema"	"allégorie"	"LOW"	"allegories"	"tm-99lvjrdw"
"gahom/011866.jpg"	"timel_thema"	"allégorie"	"LOW"	"allegories"	"tm-99lvjrdw"
"gahom/011893.jpg"	"timel_thema"	"allégorie"	"LOW"	"allegories"	"tm-99lvjrdw"
"gahom/011895.jpg"	"timel_thema"	"allégorie"	"LOW"	"allegories"	"tm-99lvjrdw"
"gahom/013613.jpg"	"timel_thema"	"allégorie"	"LOW"	"allegories"	"tm-99lvjrdw"
"gahom/013615.jpg"	"timel_thema"	"allégorie"	"LOW"	"allegories"	"tm-99lvjrdw"
"gahom/005522.jpg"	"timel_thema"	"allégorie"	"LOW"	"allegories"	"tm-99lvjrdw"
"gahom/005524.jpg"	"timel_thema"	"allégorie"	"LOW"	"allegories"	"tm-99lvjrdw"
"gahom/005572.jpg"	"timel_thema"	"allégorie"	"LOW"	"allegories"	"tm-99lvjrdw"
"gahom/013224.jpg"	"timel_thema"	"allégorie"	"LOW"	"allegories"	"tm-99lvjrdw"
"gahom/013226.jpg"	"timel_thema"	"allégorie"	"LOW"	"allegories"	"tm-99lvjrdw"
"gahom/005491.jpg"	"timel_thema"	"allégorie"	"LOW"	"allegories"	"tm-99lvjrdw"
"gahom/000294.jpg"	"timel_thema"	"allégorie"	"LOW"	"allegories"	"tm-99lvjrdw"
"gahom/000296.jpg"	"timel_thema"	"allégorie"	"LOW"	"allegories"	"tm-99lvjrdw"
"gahom/000297.jpg"	"timel_thema"	"allégorie"	"LOW"	"allegories"	"tm-99lvjrdw"
"gahom/000298.jpg"	"timel_thema"	"allégorie"	"LOW"	"allegories"	"tm-99lvjrdw"
"gahom/000299.jpg"	"timel_thema"	"allégorie"	"LOW"	"allegories"	"tm-99lvjrdw"
"gahom/000301.jpg"	"timel_thema"	"allégorie"	"LOW"	"allegories"	"tm-99lvjrdw"
"gahom/000302.jpg"	"timel_thema"	"allégorie"	"LOW"	"allegories"	"tm-99lvjrdw"
"gahom/000303.jpg"	"timel_thema"	"allégorie"	"LOW"	"allegories"	"tm-99lvjrdw"
"gahom/000314.jpg"	"timel_thema"	"allégorie"	"LOW"	"allegories"	"tm-99lvjrdw"
"gahom/000316.jpg"	"timel_thema"	"allégorie"	"LOW"	"allegories"	"tm-99lvjrdw"
"gahom/000317.jpg"	"timel_thema"	"allégorie"	"LOW"	"allegories"	"tm-99lvjrdw"
"gahom/000318.jpg"	"timel_thema"	"allégorie"	"LOW"	"allegories"	"tm-99lvjrdw"
"gahom/000330.jpg"	"timel_thema"	"allégorie"	"LOW"	"allegories"	"tm-99lvjrdw"
"gahom/000333.jpg"	"timel_thema"	"allégorie"	"LOW"	"allegories"	"tm-99lvjrdw"
"gahom/000348.jpg"	"timel_thema"	"allégorie"	"LOW"	"allegories"	"tm-99lvjrdw"
"gahom/000350.jpg"	"timel_thema"	"allégorie"	"LOW"	"allegories"	"tm-99lvjrdw"
"gahom/000351.jpg"	"timel_thema"	"allégorie"	"LOW"	"allegories"	"tm-99lvjrdw"
"gahom/000352.jpg"	"timel_thema"	"allégorie"	"LOW"	"allegories"	"tm-99lvjrdw"
"gahom/000403.jpg"	"timel_thema"	"allégorie"	"LOW"	"allegories"	"tm-99lvjrdw"
"gahom/000405.jpg"	"timel_thema"	"allégorie"	"LOW"	"allegories"	"tm-99lvjrdw"
"gahom/000406.jpg"	"timel_thema"	"allégorie"	"LOW"	"allegories"	"tm-99lvjrdw"
"gahom/000407.jpg"	"timel_thema"	"allégorie"	"LOW"	"allegories"	"tm-99lvjrdw"
"gahom/000425.jpg"	"timel_thema"	"allégorie"	"LOW"	"allegories"	"tm-99lvjrdw"
"gahom/000427.jpg"	"timel_thema"	"allégorie"	"LOW"	"allegories"	"tm-99lvjrdw"
"gahom/000428.jpg"	"timel_thema"	"allégorie"	"LOW"	"allegories"	"tm-99lvjrdw"
"gahom/000429.jpg"	"timel_thema"	"allégorie"	"LOW"	"allegories"	"tm-99lvjrdw"
"gahom/000551.jpg"	"timel_thema"	"allégorie"	"LOW"	"allegories"	"tm-99lvjrdw"
"gahom/013360.jpg"	"timel_thema"	"allégorie"	"LOW"	"allegories"	"tm-99lvjrdw"
"gahom/013374.jpg"	"timel_thema"	"allégorie"	"LOW"	"allegories"	"tm-99lvjrdw"
"gahom/000089.jpg"	"timel_thema"	"allégorie"	"LOW"	"allegories"	"tm-99lvjrdw"
"gahom/000091.jpg"	"timel_thema"	"allégorie"	"LOW"	"allegories"	"tm-99lvjrdw"
"gahom/007500.jpg"	"timel_thema"	"allégorie"	"LOW"	"allegories"	"tm-99lvjrdw"
"gahom/007502.jpg"	"timel_thema"	"allégorie"	"LOW"	"allegories"	"tm-99lvjrdw"
"gahom/007546.jpg"	"timel_thema"	"allégorie"	"LOW"	"allegories"	"tm-99lvjrdw"
"gahom/002407.jpg"	"timel_thema"	"allégorie"	"LOW"	"allegories"	"tm-99lvjrdw"
"gahom/002409.jpg"	"timel_thema"	"allégorie"	"LOW"	"allegories"	"tm-99lvjrdw"
"gahom/002410.jpg"	"timel_thema"	"allégorie"	"LOW"	"allegories"	"tm-99lvjrdw"
"gahom/002427.jpg"	"timel_thema"	"allégorie"	"LOW"	"allegories"	"tm-99lvjrdw"
"gahom/002463.jpg"	"timel_thema"	"allégorie"	"LOW"	"allegories"	"tm-99lvjrdw"
"gahom/002465.jpg"	"timel_thema"	"allégorie"	"LOW"	"allegories"	"tm-99lvjrdw"
"gahom/002519.jpg"	"timel_thema"	"allégorie"	"LOW"	"allegories"	"tm-99lvjrdw"
"gahom/013560.jpg"	"timel_thema"	"initiale-d"	"NONE"	"none"	"none"
"gahom/013562.jpg"	"timel_thema"	"initiale-d"	"NONE"	"none"	"none"
"gahom/013573.jpg"	"timel_thema"	"initiale-d"	"NONE"	"none"	"none"
"gahom/013575.jpg"	"timel_thema"	"initiale-d"	"NONE"	"none"	"none"
"gahom/013576.jpg"	"timel_thema"	"initiale-d"	"NONE"	"none"	"none"
"gahom/013578.jpg"	"timel_thema"	"initiale-d"	"NONE"	"none"	"none"
"gahom/006290.jpg"	"timel_thema"	"initiale-d"	"NONE"	"none"	"none"
"gahom/013998.jpg"	"timel_thema"	"initiale-d"	"NONE"	"none"	"none"
"gahom/004332.jpg"	"timel_thema"	"initiale-d"	"NONE"	"none"	"none"
"gahom/004334.jpg"	"timel_thema"	"initiale-d"	"NONE"	"none"	"none"
"gahom/004341.jpg"	"timel_thema"	"initiale-d"	"NONE"	"none"	"none"
"gahom/004354.jpg"	"timel_thema"	"initiale-d"	"NONE"	"none"	"none"
"gahom/004356.jpg"	"timel_thema"	"initiale-d"	"NONE"	"none"	"none"
"gahom/013374.jpg"	"timel_thema"	"initiale-d"	"NONE"	"none"	"none"
"gahom/015281.JPG"	"timel_thema"	"versé"	"HIGH"	"verse"	"tm-g8iusoxv"
"gahom/013531.jpg"	"timel_thema"	"versé"	"HIGH"	"verse"	"tm-g8iusoxv"
"gahom/013533.jpg"	"timel_thema"	"versé"	"HIGH"	"verse"	"tm-g8iusoxv"
"gahom/005530.jpg"	"timel_thema"	"versé"	"HIGH"	"verse"	"tm-g8iusoxv"
"gahom/000392.jpg"	"timel_thema"	"versé"	"HIGH"	"verse"	"tm-g8iusoxv"
"gahom/000394.jpg"	"timel_thema"	"versé"	"HIGH"	"verse"	"tm-g8iusoxv"
"gahom/000395.jpg"	"timel_thema"	"versé"	"HIGH"	"verse"	"tm-g8iusoxv"
"gahom/000396.jpg"	"timel_thema"	"versé"	"HIGH"	"verse"	"tm-g8iusoxv"
"gahom/010267.jpg"	"timel_thema"	"initiale-p"	"NONE"	"none"	"none"
"gahom/000197.jpg"	"timel_thema"	"initiale-p"	"NONE"	"none"	"none"
"gahom/011915.jpg"	"timel_thema"	"initiale-c"	"NONE"	"none"	"none"
"gahom/013589.jpg"	"timel_thema"	"initiale-c"	"NONE"	"none"	"none"
"gahom/004350.jpg"	"timel_thema"	"initiale-c"	"NONE"	"none"	"none"
"gahom/004352.jpg"	"timel_thema"	"initiale-c"	"NONE"	"none"	"none"
"gahom/004353.jpg"	"timel_thema"	"initiale-c"	"NONE"	"none"	"none"
"gahom/010285.jpg"	"timel_thema"	"initiale-s"	"NONE"	"none"	"none"
"gahom/010287.jpg"	"timel_thema"	"initiale-s"	"NONE"	"none"	"none"
"gahom/004343.jpg"	"timel_thema"	"initiale-s"	"NONE"	"none"	"none"
"gahom/004345.jpg"	"timel_thema"	"initiale-s"	"NONE"	"none"	"none"
"gahom/010212.jpg"	"timel_thema"	"initiale-s"	"NONE"	"none"	"none"
"gahom/007921.jpg"	"timel_thema"	"initiale-e"	"NONE"	"none"	"none"
"gahom/007923.jpg"	"timel_thema"	"initiale-e"	"NONE"	"none"	"none"
"gahom/007924.jpg"	"timel_thema"	"initiale-e"	"NONE"	"none"	"none"
"gahom/007925.jpg"	"timel_thema"	"initiale-e"	"NONE"	"none"	"none"
"gahom/007926.jpg"	"timel_thema"	"initiale-e"	"NONE"	"none"	"none"
"gahom/007927.jpg"	"timel_thema"	"initiale-e"	"NONE"	"none"	"none"
"gahom/013571.jpg"	"timel_thema"	"initiale-e"	"NONE"	"none"	"none"
"gahom/008292.jpg"	"timel_thema"	"initiale-e"	"NONE"	"none"	"none"
"gahom/004346.jpg"	"timel_thema"	"initiale-e"	"NONE"	"none"	"none"
"gahom/004348.jpg"	"timel_thema"	"initiale-e"	"NONE"	"none"	"none"
"gahom/004349.jpg"	"timel_thema"	"initiale-e"	"NONE"	"none"	"none"
"gahom/000108.jpg"	"timel_thema"	"initiale-e"	"NONE"	"none"	"none"
"gahom/000110.jpg"	"timel_thema"	"initiale-e"	"NONE"	"none"	"none"
"gahom/007921.jpg"	"timel_thema"	"initiale-i"	"NONE"	"none"	"none"
"gahom/007923.jpg"	"timel_thema"	"initiale-i"	"NONE"	"none"	"none"
"gahom/007924.jpg"	"timel_thema"	"initiale-i"	"NONE"	"none"	"none"
"gahom/007925.jpg"	"timel_thema"	"initiale-i"	"NONE"	"none"	"none"
"gahom/007926.jpg"	"timel_thema"	"initiale-i"	"NONE"	"none"	"none"
"gahom/007927.jpg"	"timel_thema"	"initiale-i"	"NONE"	"none"	"none"
"gahom/013579.jpg"	"timel_thema"	"initiale-i"	"NONE"	"none"	"none"
"gahom/013581.jpg"	"timel_thema"	"initiale-i"	"NONE"	"none"	"none"
"gahom/000092.jpg"	"timel_thema"	"initiale-i"	"NONE"	"none"	"none"
"gahom/000094.jpg"	"timel_thema"	"initiale-i"	"NONE"	"none"	"none"
"gahom/000095.jpg"	"timel_thema"	"initiale-i"	"NONE"	"none"	"none"
"gahom/000096.jpg"	"timel_thema"	"initiale-i"	"NONE"	"none"	"none"
"gahom/000097.jpg"	"timel_thema"	"initiale-i"	"NONE"	"none"	"none"
"gahom/000098.jpg"	"timel_thema"	"initiale-i"	"NONE"	"none"	"none"
"gahom/000216.jpg"	"timel_thema"	"initiale-i"	"NONE"	"none"	"none"
"gahom/000218.jpg"	"timel_thema"	"initiale-i"	"NONE"	"none"	"none"
"gahom/013582.jpg"	"timel_thema"	"initiale-a"	"NONE"	"none"	"none"
"gahom/013584.jpg"	"timel_thema"	"initiale-a"	"NONE"	"none"	"none"
"gahom/010452.jpg"	"timel_thema"	"initiale-a"	"NONE"	"none"	"none"
"gahom/013374.jpg"	"timel_thema"	"initiale-a"	"NONE"	"none"	"none"
"gahom/006286.jpg"	"timel_thema"	"initiale-u"	"NONE"	"none"	"none"
"gahom/013374.jpg"	"timel_thema"	"initiale-u"	"NONE"	"none"	"none"
"gahom/000130.jpg"	"timel_thema"	"initiale-u"	"NONE"	"none"	"none"
"gahom/013564.jpg"	"timel_thema"	"initiale-q"	"NONE"	"none"	"none"
"gahom/013566.jpg"	"timel_thema"	"initiale-q"	"NONE"	"none"	"none"
"gahom/013569.jpg"	"timel_thema"	"initiale-q"	"NONE"	"none"	"none"
"gahom/013597.jpg"	"timel_thema"	"initiale-q"	"NONE"	"none"	"none"
"gahom/004339.jpg"	"timel_thema"	"initiale-o"	"NONE"	"none"	"none"
"gahom/007580.jpg"	"timel_thema"	"initiale-o"	"NONE"	"none"	"none"
"gahom/007582.jpg"	"timel_thema"	"initiale-o"	"NONE"	"none"	"none"
"gahom/010176.jpg"	"timel_thema"	"initiale-o"	"NONE"	"none"	"none"
"gahom/013558.jpg"	"timel_thema"	"initiale-b"	"NONE"	"none"	"none"
"gahom/000132.jpg"	"timel_thema"	"initiale-b"	"NONE"	"none"	"none"
"gahom/000134.jpg"	"timel_thema"	"initiale-b"	"NONE"	"none"	"none"
"gahom/005781.jpg"	"timel_thema"	"initiale-b"	"NONE"	"none"	"none"
"gahom/005783.jpg"	"timel_thema"	"initiale-b"	"NONE"	"none"	"none"
"gahom/005784.jpg"	"timel_thema"	"initiale-b"	"NONE"	"none"	"none"
"gahom/013013.jpg"	"timel_thema"	"initiale"	"NONE"	"none"	"none"
"gahom/013015.jpg"	"timel_thema"	"initiale"	"NONE"	"none"	"none"
"gahom/013016.jpg"	"timel_thema"	"initiale"	"NONE"	"none"	"none"
"gahom/013017.jpg"	"timel_thema"	"initiale"	"NONE"	"none"	"none"
"gahom/013018.jpg"	"timel_thema"	"initiale"	"NONE"	"none"	"none"
"gahom/013019.jpg"	"timel_thema"	"initiale"	"NONE"	"none"	"none"
"gahom/013020.jpg"	"timel_thema"	"initiale"	"NONE"	"none"	"none"
"gahom/013021.jpg"	"timel_thema"	"initiale"	"NONE"	"none"	"none"
"gahom/013022.jpg"	"timel_thema"	"initiale"	"NONE"	"none"	"none"
"gahom/013023.jpg"	"timel_thema"	"initiale"	"NONE"	"none"	"none"
"gahom/013024.jpg"	"timel_thema"	"initiale"	"NONE"	"none"	"none"
"gahom/013025.jpg"	"timel_thema"	"initiale"	"NONE"	"none"	"none"
"gahom/013026.jpg"	"timel_thema"	"initiale"	"NONE"	"none"	"none"
"gahom/013027.jpg"	"timel_thema"	"initiale"	"NONE"	"none"	"none"
"gahom/013028.jpg"	"timel_thema"	"initiale"	"NONE"	"none"	"none"
"gahom/013029.jpg"	"timel_thema"	"initiale"	"NONE"	"none"	"none"
"gahom/006997.jpg"	"timel_thema"	"schéma"	"NONE"	"none"	"none"
"gahom/006999.jpg"	"timel_thema"	"schéma"	"NONE"	"none"	"none"
"gahom/007000.jpg"	"timel_thema"	"schéma"	"NONE"	"none"	"none"
"gahom/007001.jpg"	"timel_thema"	"schéma"	"NONE"	"none"	"none"
"gahom/007002.jpg"	"timel_thema"	"schéma"	"NONE"	"none"	"none"
"gahom/007003.jpg"	"timel_thema"	"schéma"	"NONE"	"none"	"none"
"gahom/007004.jpg"	"timel_thema"	"schéma"	"NONE"	"none"	"none"
"gahom/014350.jpg"	"timel_thema"	"schéma"	"NONE"	"none"	"none"
"gahom/013611.jpg"	"timel_thema"	"initiale-m"	"NONE"	"none"	"none"
"gahom/000108.jpg"	"timel_thema"	"initiale-t"	"NONE"	"none"	"none"
"gahom/000110.jpg"	"timel_thema"	"initiale-t"	"NONE"	"none"	"none"
"gahom/000126.jpg"	"timel_thema"	"initiale-t"	"NONE"	"none"	"none"
"gahom/011909.jpg"	"timel_thema"	"initiale-h"	"NONE"	"none"	"none"
"gahom/011911.jpg"	"timel_thema"	"initiale-h"	"NONE"	"none"	"none"
"gahom/011912.jpg"	"timel_thema"	"initiale-h"	"NONE"	"none"	"none"
"gahom/000099.jpg"	"timel_thema"	"initiale-h"	"NONE"	"none"	"none"
"gahom/000104.jpg"	"timel_thema"	"initiale-h"	"NONE"	"none"	"none"
"gahom/010289.jpg"	"timel_thema"	"initiale-f"	"NONE"	"none"	"none"
"gahom/013552.jpg"	"timel_thema"	"accueil"	"HIGH"	"comparution"	"tm-kgksjk9x"
"gahom/013554.jpg"	"timel_thema"	"accueil"	"HIGH"	"comparution"	"tm-kgksjk9x"
"gahom/002463.jpg"	"timel_thema"	"accueil"	"HIGH"	"comparution"	"tm-kgksjk9x"
"gahom/002465.jpg"	"timel_thema"	"accueil"	"HIGH"	"comparution"	"tm-kgksjk9x"
"gahom/014051.jpg"	"timel_thema"	"boisson"	"NONE"	"none"	"none"
"gahom/014053.jpg"	"timel_thema"	"boisson"	"NONE"	"none"	"none"
"gahom/014054.jpg"	"timel_thema"	"boisson"	"NONE"	"none"	"none"
"gahom/014055.jpg"	"timel_thema"	"boisson"	"NONE"	"none"	"none"
"gahom/014056.jpg"	"timel_thema"	"boisson"	"NONE"	"none"	"none"
"gahom/014057.jpg"	"timel_thema"	"boisson"	"NONE"	"none"	"none"
"gahom/014058.jpg"	"timel_thema"	"boisson"	"NONE"	"none"	"none"
"gahom/014059.jpg"	"timel_thema"	"boisson"	"NONE"	"none"	"none"
"gahom/014060.jpg"	"timel_thema"	"boisson"	"NONE"	"none"	"none"
"gahom/014061.jpg"	"timel_thema"	"boisson"	"NONE"	"none"	"none"
"gahom/003989.jpg"	"timel_thema"	"ébouillantement"	"HIGH"	"ebouillantement"	"tm-nj6z3yaq"
"gahom/003995.jpg"	"timel_thema"	"ébouillantement"	"HIGH"	"ebouillantement"	"tm-nj6z3yaq"
"gahom/003998.jpg"	"timel_thema"	"ébouillantement"	"HIGH"	"ebouillantement"	"tm-nj6z3yaq"
"gahom/004001.jpg"	"timel_thema"	"ébouillantement"	"HIGH"	"ebouillantement"	"tm-nj6z3yaq"
"gahom/004004.jpg"	"timel_thema"	"ébouillantement"	"HIGH"	"ebouillantement"	"tm-nj6z3yaq"
"gahom/004007.jpg"	"timel_thema"	"ébouillantement"	"HIGH"	"ebouillantement"	"tm-nj6z3yaq"
"gahom/007574.jpg"	"timel_thema"	"ébouillantement"	"HIGH"	"ebouillantement"	"tm-nj6z3yaq"
"gahom/007500.jpg"	"timel_thema"	"mythologie"	"NONE"	"none"	"none"
"gahom/007512.jpg"	"timel_thema"	"mythologie"	"NONE"	"none"	"none"
"gahom/007532.jpg"	"timel_thema"	"mythologie"	"NONE"	"none"	"none"
"gahom/007536.jpg"	"timel_thema"	"mythologie"	"NONE"	"none"	"none"
"gahom/007542.jpg"	"timel_thema"	"mythologie"	"NONE"	"none"	"none"
"gahom/005491.jpg"	"timel_thema"	"amour"	"HIGH"	"Amour"	"tm-mjrbme3v"
"gahom/013552.jpg"	"timel_thema"	"entrée-Jérusalem"	"NONE"	"none"	"none"
"gahom/013554.jpg"	"timel_thema"	"entrée-Jérusalem"	"NONE"	"none"	"none"
"gahom/000299.jpg"	"timel_thema"	"habits"	"NONE"	"none"	"none"
"gahom/000301.jpg"	"timel_thema"	"habits"	"NONE"	"none"	"none"
"gahom/000302.jpg"	"timel_thema"	"habits"	"NONE"	"none"	"none"
"gahom/000303.jpg"	"timel_thema"	"habits"	"NONE"	"none"	"none"
"gahom/007603.jpg"	"timel_thema"	"balayage"	"NONE"	"none"	"none"
"gahom/007605.jpg"	"timel_thema"	"balayage"	"NONE"	"none"	"none"
"gahom/007606.jpg"	"timel_thema"	"balayage"	"NONE"	"none"	"none"
"gahom/007645.jpg"	"timel_thema"	"cour ducale"	"NONE"	"none"	"none"
"gahom/007647.jpg"	"timel_thema"	"cour ducale"	"NONE"	"none"	"none"
"gahom/007648.jpg"	"timel_thema"	"cour ducale"	"NONE"	"none"	"none"
"gahom/013597.jpg"	"timel_thema"	"dispute"	"HIGH"	"combat"	"tm-zdcg2u42"
"gahom/007514.jpg"	"timel_thema"	"divination"	"HIGH"	"magie"	"tm-hrrvtuvf"
"gahom/008292.jpg"	"timel_thema"	"office"	"HIGH"	"messe"	"tm-va8m9uxx"
"gahom/008111.jpg"	"timel_thema"	"portrait"	"NONE"	"none"	"none"
"gahom/013546.jpg"	"timel_thema"	"tir-à-l'arc"	"NONE"	"none"	"none"
"gahom/013548.jpg"	"timel_thema"	"tir-à-l'arc"	"NONE"	"none"	"none"
"gahom/013362.jpg"	"timel_thema"	"vengeance"	"NONE"	"none"	"none"
"gahom/013549.jpg"	"timel_thema"	"adoration-mages"	"NONE"	"none"	"none"
"gahom/013551.jpg"	"timel_thema"	"adoration-mages"	"NONE"	"none"	"none"
"gahom/013534.jpg"	"timel_thema"	"crédulité"	"NONE"	"none"	"none"
"gahom/013536.jpg"	"timel_thema"	"crédulité"	"NONE"	"none"	"none"
"gahom/013555.jpg"	"timel_thema"	"descente-esprit"	"NONE"	"none"	"none"
"gahom/013557.jpg"	"timel_thema"	"descente-esprit"	"NONE"	"none"	"none"
"gahom/011019.jpg"	"timel_thema"	"empêchement"	"NONE"	"none"	"none"
"gahom/013360.jpg"	"timel_thema"	"fable"	"NONE"	"none"	"none"
"gahom/013648.jpg"	"timel_thema"	"saignement"	"NONE"	"none"	"none"
"gahom/013650.jpg"	"timel_thema"	"saignement"	"NONE"	"none"	"none"
"gahom/013534.jpg"	"timel_thema"	"touchée"	"NONE"	"none"	"none"
"gahom/013536.jpg"	"timel_thema"	"touchée"	"NONE"	"none"	"none"
"gahom/013543.jpg"	"timel_thema"	"translation-croix"	"NONE"	"none"	"none"
"gahom/013545.jpg"	"timel_thema"	"translation-croix"	"NONE"	"none"	"none"
"gahom/013224.jpg"	"timel_thema"	"vie"	"LOW"	"vie corporelle"	"tm-sjsrgabv"
"gahom/013226.jpg"	"timel_thema"	"vie"	"LOW"	"vie corporelle"	"tm-sjsrgabv"
"gahom/010986.jpg"	"timel_thema"	"accouplement-refus"	"NONE"	"none"	"none"
"gahom/011019.jpg"	"timel_thema"	"aveu"	"HIGH"	"confession"	"tm-is6dwdc5"
"reginenses/REG_04584.jpg"	"timel_thema"	"baviere_allemagne"	"NONE"	"none"	"none"
"gahom/Pierpont_m806.158r_detail.jpg"	"timel_thema"	"infamie"	"NONE"	"none"	"none"
"reginenses/REG_02527.jpg"	"timel_thema"	"moravie_tchecoslovaquie"	"NONE"	"none"	"none"
"gahom/Pierpont_m806.180r_detail.jpg"	"timel_thema"	"supplice"	"HIGH"	"châtiment"	"tm-43nkeriq"
